,nflId,name,position,weight,age,height,speed_2018,speed_2019,speed_2020,dis_2018,dis_2019,dis_2020,Acc_2018,Acc_2019,Acc_2020
0,28955,Larry Fitzgerald,WR,218,39,6.2,4.5,4.0,6.5,11.2,11.0,24.0,3.5,3.2,3.9
1,29141,Andy Lee,P,185,40,6.1,7.1,8.0,5.2,174.0,115.3,93.8,3.4,3.4,3.0
2,29468,Don Muhlbach,LS,258,41,6.3,8.0,7.8,7.2,207.8,184.7,155.2,4.7,4.0,3.5
3,29874,Mike Nugent,K,190,40,5.8,7.1,4.1,6.7,178.7,21.9,224.2,5.0,3.9,5.1
4,29926,Dustin Colquitt,P,210,40,6.2,7.9,7.5,7.6,71.7,88.8,94.0,3.0,3.3,3.1
5,30403,Robbie Gould,K,190,39,6.0,5.0,7.4,7.6,20.2,26.0,39.2,3.2,3.4,3.1
6,30452,L.P. Ladouceur,LS,256,41,6.4,8.5,8.0,8.0,187.8,140.7,124.6,4.6,4.0,3.7
7,30869,Andrew Whitworth,T,330,40,6.6,4.4,4.7,2.4,20.2,17.0,11.7,1.8,2.0,2.9
8,30932,Stephen Gostkowski,K,215,38,6.1,9.0,8.6,8.2,210.2,201.4,192.0,5.2,5.2,5.1
9,30937,Domata Peko,NT,325,37,6.2,7.4,3.6,7.0,25.0,14.2,34.0,4.0,4.1,4.8
10,31018,Sam Koch,P,222,40,6.1,8.9,8.2,6.6,139.6,87.0,94.0,3.8,3.5,3.3
11,31446,Matt Prater,K,201,38,5.8,5.6,7.9,7.9,32.5,67.3,63.1,4.2,4.9,4.7
12,31517,Tramon Williams,CB,192,39,5.9,9.3,7.7,9.8,95.1,62.8,297.0,5.2,4.4,5.5
13,32202,Ted Ginn,WR,180,37,5.9,5.4,6.6,9.3,39.4,32.5,93.5,4.4,3.9,5.8
14,32224,Greg Olsen,TE,255,37,6.4,7.0,6.2,7.4,31.6,13.1,25.8,2.8,3.2,3.6
15,32386,Mason Crosby,K,207,38,6.1,7.1,6.9,7.8,193.0,159.4,153.5,4.6,4.9,4.6
16,32436,Clark Harris,LS,250,38,6.4,9.2,8.9,8.7,222.8,192.7,213.9,5.0,4.1,4.2
17,33107,Duane Brown,T,315,37,6.3,3.2,1.7,1.0,15.1,7.0,1.8,1.8,1.7,1.0
18,33131,Calais Campbell,DT,300,36,6.7,7.1,4.1,4.4,70.3,37.2,37.8,3.7,3.0,3.0
19,33221,Brandon Carr,CB,210,36,6.0,9.5,9.9,3.4,49.6,115.4,5.6,5.9,5.2,3.6
20,33234,Matt Slater,WR,205,37,6.0,10.7,10.4,10.6,840.6,872.6,725.2,7.3,6.9,6.7
21,33338,Brett Kern,P,214,36,6.2,7.4,7.1,6.4,126.3,123.1,75.3,3.3,3.1,3.1
22,33469,Stephen Hauschka,K,210,37,6.3,8.2,7.4,3.3,146.8,147.7,22.5,4.5,5.5,4.9
23,33557,J.J. Jansen,LS,235,36,6.2,8.6,8.4,8.2,175.5,229.8,143.6,4.6,4.5,4.2
24,33566,Danny Amendola,WR,185,37,5.9,8.3,7.6,8.7,51.8,58.9,46.5,4.7,5.2,4.8
25,34465,Malcolm Jenkins,SS,204,34,6.0,9.0,9.5,6.9,201.1,158.8,43.6,6.6,5.6,5.3
26,34593,Kevin Huber,P,211,37,6.1,9.3,7.4,6.7,137.3,112.1,128.5,4.2,3.3,3.1
27,34615,Thomas Morstead,P,235,36,6.3,9.1,9.7,8.6,101.2,118.0,120.5,2.7,3.3,2.9
28,34654,Jason McCourty,CB,195,35,5.9,10.0,10.3,9.5,182.5,83.5,167.3,4.9,5.1,5.1
29,34683,Julian Edelman,WR,200,36,5.8,8.5,7.7,6.7,102.0,50.6,24.2,5.2,3.8,2.8
30,34707,Ryan Succop,K,218,36,6.2,8.4,7.3,4.8,190.0,157.2,27.9,4.9,5.0,4.2
31,34723,Britton Colquitt,P,210,37,6.2,7.6,6.2,7.5,156.3,102.1,110.6,4.3,3.2,3.2
32,34777,Steve McLendon,NT,310,36,6.2,7.6,7.8,4.5,42.0,40.6,27.5,4.2,3.9,3.3
33,34933,Nick Sundberg,LS,256,35,6.1,8.4,8.2,8.2,227.9,226.9,202.4,4.6,4.1,4.2
34,35441,Ndamukong Suh,DE,313,35,6.3,4.5,3.9,5.6,31.1,15.7,21.8,2.9,2.6,3.0
35,35446,Joe Haden,CB,195,33,5.9,10.0,7.1,6.7,155.5,37.9,27.5,5.8,5.1,4.3
36,35449,Tyson Alualu,DE,304,35,6.2,3.3,3.6,4.3,7.9,16.1,10.8,2.5,2.4,2.5
37,35452,Brandon Graham,DE,265,34,6.2,6.4,8.0,5.3,28.5,37.9,46.2,3.7,3.5,3.4
38,35456,Mike Iupati,G,331,35,6.4,2.1,2.0,4.1,5.8,7.6,7.0,2.1,2.4,1.7
39,35462,Bryan Bulaga,T,314,33,6.4,2.0,2.7,6.9,12.3,11.2,20.5,2.0,2.4,2.1
40,35466,Devin McCourty,FS,195,35,5.8,10.7,8.2,10.3,305.2,229.2,31.7,5.3,4.6,3.5
41,35470,Jerry Hughes,DE,254,34,6.2,9.2,7.2,8.2,45.1,45.5,36.0,4.3,3.6,3.6
42,35471,Patrick Robinson,CB,191,35,5.9,9.2,10.5,10.2,396.2,460.0,483.6,9.3,6.8,7.0
43,35472,Rodger Saffold,G,325,34,6.4,2.8,3.8,6.0,17.1,11.4,12.5,2.0,1.6,1.8
44,35485,Linval Joseph,NT,329,34,6.3,7.3,6.8,6.6,32.9,20.5,39.8,3.2,2.6,3.6
45,35493,Carlos Dunlap,DE,285,33,6.5,5.2,6.0,5.6,26.2,32.7,33.2,3.3,3.3,3.1
46,35494,Sean Lee,OLB,245,36,6.2,7.7,8.0,7.5,40.9,57.4,49.2,4.5,5.1,3.9
47,35499,Golden Tate,WR,197,34,5.8,7.6,9.8,8.0,62.5,68.0,50.7,5.8,5.2,4.6
48,35522,Corey Peters,NT,335,34,6.2,4.1,8.3,4.0,29.5,38.2,32.2,3.1,3.2,3.1
49,35527,Andre Roberts,WR,195,34,5.9,10.4,9.9,10.2,314.5,272.5,258.9,6.8,6.7,6.7
50,35539,Everson Griffen,DE,273,34,6.2,8.4,6.0,9.4,44.8,23.8,26.6,4.0,2.8,3.5
51,35559,Geno Atkins,DT,300,34,6.1,2.4,3.4,1.9,14.3,10.3,3.8,2.6,2.5,1.7
52,35583,Sherrick McManis,SS,203,34,5.9,10.2,10.0,9.9,666.3,853.1,691.9,7.4,7.4,7.2
53,35608,Marshall Newhouse,T,328,34,6.3,4.2,3.4,2.3,15.1,13.0,13.8,2.2,2.1,2.4
54,35618,Sam Young,T,302,35,6.7,3.2,5.4,3.6,9.7,22.1,16.6,2.2,2.4,2.7
55,35731,Jonathan Weeks,LS,242,36,5.8,8.3,8.4,8.5,197.5,164.3,153.7,4.7,4.0,4.0
56,35794,Ben Garland,C,308,34,6.4,7.8,1.4,1.4,25.5,6.4,4.5,2.7,1.6,1.4
57,35888,Tramaine Brock,CB,188,34,6.0,10.2,9.8,8.8,215.5,118.1,57.5,6.6,5.4,4.4
58,36060,Anthony Levine,SS,207,35,5.9,9.8,10.1,10.4,593.2,695.6,678.3,6.4,7.0,7.4
59,36086,Morgan Cox,LS,233,36,6.3,8.8,8.4,8.3,206.4,132.0,151.0,5.0,4.0,4.2
60,36712,Andrew Sendejo,FS,210,35,6.1,8.3,9.8,9.3,90.8,545.3,193.5,5.7,6.4,5.6
61,36785,Ty Nsekhe,T,330,37,6.7,2.8,6.9,4.7,8.7,15.3,12.5,1.5,2.1,1.9
62,37078,Patrick Peterson,CB,203,32,6.1,10.5,9.9,10.1,150.0,94.7,97.5,7.0,5.7,6.0
63,37082,Tyron Smith,T,320,31,6.4,4.1,4.0,1.7,14.1,14.6,4.8,2.2,2.2,1.3
64,37084,J.J. Watt,DE,288,33,6.4,4.0,2.7,2.4,19.4,11.8,7.3,3.0,2.5,2.8
65,37091,Corey Liuget,DT,300,32,6.2,3.2,4.7,2.4,13.2,31.4,19.7,2.8,2.9,2.1
66,37095,Anthony Castonzo,T,307,34,6.6,2.8,3.8,3.0,12.3,15.6,14.9,2.1,2.1,2.3
67,37097,Cameron Jordan,DE,287,33,6.3,7.6,8.0,7.8,17.1,32.4,24.7,2.8,3.4,3.1
68,37098,James Carpenter,G,321,33,6.4,3.0,2.7,3.2,9.5,10.6,12.2,2.1,1.9,1.9
69,37104,Cameron Heyward,DT,295,33,6.4,6.8,6.2,6.7,30.1,30.2,28.2,3.0,2.6,2.5
70,37117,Brooks Reed,OLB,254,35,6.2,9.5,9.2,9.4,77.6,518.1,245.3,3.3,6.2,5.3
71,37118,Kyle Rudolph,TE,265,33,6.5,4.4,7.8,7.9,29.2,32.2,28.7,2.8,3.1,3.0
72,37123,Stefen Wisniewski,G,305,33,6.2,3.6,4.2,2.0,13.7,17.1,9.7,2.1,1.9,1.4
73,37125,Marcus Gilchrist,FS,200,33,5.8,8.5,8.7,9.7,152.7,328.2,455.8,4.8,5.7,5.4
74,37152,Jurrell Casey,DT,305,32,6.1,5.0,3.5,3.8,19.9,24.6,29.9,3.3,2.6,2.9
75,37161,Allen Bailey,DE,288,33,6.2,3.9,5.2,6.4,26.9,23.9,29.0,3.4,2.8,3.1
76,37174,K.J. Wright,OLB,246,33,6.3,3.8,8.7,7.5,45.9,30.3,35.0,4.6,4.3,3.9
77,37179,Luke Stocker,TE,253,34,6.4,9.0,9.6,9.4,271.5,242.4,245.7,5.4,5.7,5.4
78,37200,Taiwan Jones,RB,195,34,6.0,10.8,10.9,10.6,796.2,643.7,733.4,7.9,7.7,6.9
79,37211,Anthony Sherman,RB,242,33,5.8,9.1,8.6,9.1,587.3,528.0,491.3,5.8,6.2,5.6
80,37212,Buster Skrine,CB,185,33,5.8,10.2,10.2,10.3,252.3,232.2,240.8,6.3,5.4,6.0
81,37234,Lee Smith,TE,265,34,6.5,8.8,8.9,7.6,330.3,38.7,61.8,5.1,3.4,3.8
82,37238,Daniel Kilgore,C,291,34,6.2,3.7,4.6,1.6,18.2,14.4,6.8,2.6,2.5,1.1
83,37251,Dwayne Harris,WR,215,35,5.8,10.3,9.9,9.7,644.3,507.0,456.3,7.0,6.5,6.8
84,37279,Virgil Green,TE,255,34,6.4,7.7,8.5,3.6,23.6,19.9,13.0,2.7,2.9,3.4
85,37308,Lawrence Guy,DT,315,32,6.3,7.5,5.6,3.8,54.9,61.1,33.0,3.7,3.7,3.0
86,37317,Malcolm Smith,OLB,225,33,6.0,8.7,9.3,9.1,136.5,311.3,63.9,5.2,5.6,4.6
87,37669,Kyle Nelson,LS,240,36,6.2,9.6,9.1,8.8,239.0,178.4,117.5,5.5,5.0,4.5
88,37737,Chris Hogan,WR,210,35,6.1,10.4,10.2,6.5,378.2,292.3,56.5,5.6,7.0,3.7
89,37740,Kenny Wiggins,G,314,34,6.5,2.3,7.0,3.8,9.2,27.3,9.2,2.3,2.7,1.6
90,37778,Josh Bynes,ILB,235,33,6.1,8.1,8.7,6.1,77.9,171.6,57.2,3.1,5.3,4.0
91,37784,Patrick Scales,LS,228,34,6.2,8.4,8.1,7.8,186.6,217.5,180.8,4.8,4.4,4.1
92,37792,Nick Bellore,FB,250,33,6.1,9.5,9.8,9.9,665.2,639.4,655.7,7.0,6.4,6.8
93,37841,Mario Addison,DE,260,35,6.2,7.0,5.2,5.9,39.1,25.9,23.1,3.9,2.9,2.7
94,37874,Jake McQuaide,LS,235,34,6.2,8.1,7.8,7.7,140.0,194.1,212.8,4.3,3.9,4.2
95,38134,Dan Bailey,K,190,34,6.0,8.9,6.7,7.5,220.9,228.7,187.6,4.3,3.8,3.8
96,38138,Chris Jones,P,205,33,6.0,8.3,8.6,7.6,135.7,90.5,87.9,3.7,3.4,2.9
97,38220,Kai Forbath,K,197,35,5.9,3.6,7.2,7.3,13.5,182.1,180.0,5.3,5.2,5.6
98,38470,Craig Robertson,ILB,234,34,6.1,9.5,9.2,11.1,708.5,707.7,767.2,6.2,6.0,7.6
99,38541,Dontari Poe,DT,346,32,6.2,2.5,6.4,5.2,9.0,19.6,33.1,2.3,3.2,3.9
100,38542,Fletcher Cox,DT,310,31,6.3,3.2,4.4,4.2,14.4,24.4,27.7,2.4,3.0,3.0
101,38544,Michael Brockers,DE,305,31,6.4,6.0,4.5,4.5,36.7,32.9,22.5,3.3,3.2,3.0
102,38545,Bruce Irvin,OLB,250,35,6.2,4.7,3.9,3.7,26.1,16.0,17.8,3.4,3.1,3.8
103,38551,Chandler Jones,OLB,265,32,6.4,5.1,5.1,3.0,33.2,46.0,3.9,2.9,4.4,5.9
104,38553,Riley Reiff,T,305,33,6.5,3.1,3.2,2.5,17.6,13.8,12.0,1.9,1.8,2.0
105,38554,David DeCastro,G,316,32,6.4,2.2,2.5,2.9,9.8,7.6,6.0,1.8,1.7,1.9
106,38557,Kevin Zeitler,G,315,32,6.3,4.6,3.3,3.5,7.9,5.2,7.0,1.7,1.4,1.6
107,38559,Harrison Smith,SS,214,33,6.2,8.4,8.2,8.0,37.4,34.3,26.3,5.3,4.8,4.3
108,38566,Derek Wolfe,DE,285,32,6.4,6.8,2.2,4.1,39.5,12.1,20.8,3.4,2.3,2.9
109,38567,Mitchell Schwartz,T,320,33,6.4,2.2,2.9,2.8,15.3,12.7,14.8,2.0,1.9,1.9
110,38569,Janoris Jenkins,CB,190,34,5.8,9.6,9.7,8.3,217.4,157.7,39.7,6.1,5.2,5.0
111,38577,Bobby Wagner,MLB,242,32,6.0,6.0,6.9,7.6,24.6,21.5,36.2,2.2,2.3,2.5
112,38578,Tavon Wilson,SS,208,32,6.0,10.0,10.1,9.8,385.8,316.7,551.7,6.7,6.5,6.3
113,38588,Lavonte David,ILB,233,32,6.1,7.3,8.5,5.9,28.8,49.5,20.3,4.2,3.4,3.5
114,38589,Vinny Curry,DE,279,34,6.2,7.3,8.2,3.8,50.4,33.4,23.7,4.4,3.4,2.8
115,38590,Kelechi Osemele,G,330,33,6.4,2.8,1.9,2.4,9.5,3.6,13.3,2.0,2.3,1.7
116,38600,Bryan Anger,P,205,34,6.2,8.2,8.6,9.3,112.8,89.1,91.6,4.3,3.4,3.2
117,38611,Tyrone Crawford,DE,290,32,6.3,7.2,5.6,6.9,50.3,21.9,34.3,3.8,2.6,3.0
118,38613,Mohamed Sanu,WR,215,33,6.2,6.8,7.7,6.6,31.7,87.6,22.4,3.4,5.3,5.8
119,38625,Tony Bergstrom,G,310,36,6.4,3.3,3.9,2.9,11.0,7.7,11.3,1.8,1.6,1.9
120,38629,Ben Jones,C,308,33,6.2,2.0,4.3,2.7,6.3,12.6,5.5,1.6,2.0,2.0
121,38635,Nigel Bradham,OLB,241,33,6.2,4.9,6.0,9.6,18.9,39.2,618.3,3.7,4.3,6.7
122,38642,Bobby Massie,T,325,33,6.5,2.4,2.3,2.4,11.2,7.9,8.6,1.9,1.8,1.9
123,38643,Kyle Wilber,OLB,240,33,6.3,9.6,9.6,9.4,772.6,717.7,705.4,7.4,6.5,6.4
124,38647,Joe Looney,C,315,32,6.2,7.9,6.8,3.4,20.0,17.3,17.1,2.1,2.0,1.9
125,38662,Mike Daniels,DT,310,33,6.0,4.6,6.8,3.2,23.0,19.3,24.3,3.1,2.9,2.8
126,38667,Malik Jackson,DT,290,32,6.4,5.1,2.7,6.4,20.6,17.5,33.8,3.0,4.6,3.6
127,38668,Tahir Whitehead,MLB,241,32,6.2,8.6,7.2,6.6,35.5,35.2,33.6,4.7,4.1,4.3
128,38681,Senio Kelemete,G,300,32,6.2,3.9,1.3,3.4,13.3,3.6,17.2,1.6,2.1,2.4
129,38683,Dennis Kelly,T,321,32,6.7,6.8,4.5,6.1,17.0,15.8,15.1,3.2,2.9,2.6
130,38688,Jack Crawford,DT,288,34,6.4,6.7,8.3,7.5,38.9,60.8,86.0,3.4,3.8,3.6
131,38691,Randy Bullock,K,210,32,5.8,7.4,6.8,7.1,189.2,146.0,144.4,4.7,4.9,4.5
132,38696,Marvin Jones,WR,198,32,6.2,4.0,5.9,4.0,6.5,13.9,10.5,3.7,3.6,1.7
133,38701,Greg Zuerlein,K,191,34,6.0,6.3,8.1,6.1,241.3,180.0,190.9,5.4,5.5,4.5
134,38707,Justin Bethel,CB,200,32,6.0,10.5,10.6,10.7,735.6,882.1,807.0,8.6,7.5,8.4
135,38718,Danny Trevathan,ILB,239,32,6.0,7.0,6.6,6.4,33.0,39.8,39.0,4.9,3.3,3.9
136,38723,Tom Compton,T,313,33,6.5,2.6,1.9,2.4,12.9,5.4,8.6,1.7,1.4,2.3
137,38737,Nate Ebner,SS,215,33,6.0,10.0,9.7,9.9,756.8,759.1,673.8,6.6,6.1,6.8
138,38755,J.R. Sweezy,G,310,33,6.4,3.2,3.6,5.6,12.0,13.9,11.0,1.8,1.6,1.5
139,38785,Josh Harris,LS,224,33,6.1,9.3,8.6,8.7,158.8,153.4,159.6,5.0,4.4,4.5
140,38815,Johnny Hekker,P,241,32,6.4,9.0,8.8,9.5,114.1,156.3,155.6,3.9,4.0,4.1
141,38843,Rodney McLeod,FS,195,32,5.8,8.8,9.5,9.4,171.9,255.9,181.7,6.8,6.0,5.5
142,38852,Michael Thomas,SS,195,32,5.9,10.0,9.8,9.7,770.2,798.4,645.8,6.6,6.4,7.4
143,38883,L.J. Fort,OLB,232,32,6.0,9.6,9.5,9.4,730.6,677.0,587.5,7.2,6.5,6.7
144,38897,Aaron Brewer,LS,232,32,6.4,9.0,8.8,8.3,293.1,208.5,164.1,5.2,4.4,4.2
145,38947,Cole Beasley,WR,174,33,5.7,8.0,6.1,6.7,70.0,25.5,18.0,5.2,3.3,3.9
146,38955,Charley Hughlett,LS,248,32,6.3,9.5,8.1,8.0,267.5,181.8,146.5,5.7,4.7,4.1
147,39008,Julian Stanford,OLB,230,32,6.1,9.4,9.7,10.0,727.9,772.0,610.7,6.5,7.3,6.4
148,39109,Derek Carrier,TE,240,32,6.2,9.7,9.7,9.8,742.5,749.5,715.7,6.9,6.6,6.5
149,39124,Beau Brinkley,LS,260,32,6.3,9.1,8.8,8.4,235.3,247.7,147.3,5.3,4.6,3.9
150,39146,Mike Remmers,T,310,33,6.4,3.0,1.8,2.2,12.8,4.1,10.4,2.4,1.2,2.1
151,39232,Neiko Thorpe,CB,210,32,6.2,10.5,10.4,10.6,982.1,747.1,640.0,7.5,6.9,7.4
152,39470,Justin Tucker,K,183,32,6.1,8.6,9.3,8.0,219.6,272.8,218.0,5.0,5.2,4.9
153,39684,Greg Van Roten,G,305,32,6.2,3.4,4.7,6.7,10.3,14.4,9.7,2.0,2.1,2.3
154,39907,Darren Fells,TE,270,36,6.6,8.8,8.8,8.8,296.6,27.6,29.1,5.1,3.2,2.9
155,39908,Erik Harris,FS,220,32,6.2,10.0,10.0,9.9,854.9,439.9,484.0,6.9,6.1,6.4
156,39941,Chris Banjo,FS,207,32,5.8,10.0,10.2,10.1,716.9,770.3,411.1,6.4,6.5,5.5
157,39947,Eric Fisher,T,315,31,6.6,5.6,4.8,5.5,30.8,22.9,29.8,2.2,2.2,2.4
158,39949,Dion Jordan,DE,275,32,6.5,4.8,8.8,6.0,19.1,146.1,38.0,3.2,5.1,3.5
159,39950,Lane Johnson,T,317,32,6.5,2.2,6.6,2.2,12.5,12.0,5.7,2.0,2.2,2.7
160,39952,Barkevious Mingo,OLB,235,32,6.4,10.3,10.2,10.2,877.9,622.7,796.8,7.2,6.2,6.8
161,39954,Tavon Austin,WR,179,32,5.7,8.8,8.9,6.3,84.1,83.6,86.2,5.4,5.5,4.1
162,39959,Sheldon Richardson,DT,294,31,6.2,6.3,4.1,4.6,29.9,24.8,20.4,3.4,3.5,2.8
163,39965,Justin Pugh,G,311,32,6.4,3.8,2.6,5.4,11.5,10.3,11.9,2.1,2.2,2.0
164,39974,Sylvester Williams,DT,328,33,6.2,5.1,4.3,2.5,27.4,21.9,17.8,2.7,2.8,2.8
165,39975,Cordarrelle Patterson,WR,238,31,6.2,10.3,10.5,10.4,115.1,522.0,350.0,5.1,6.7,6.5
166,39983,Zach Ertz,TE,250,32,6.4,7.9,2.9,2.3,34.0,5.0,16.9,3.7,2.0,2.7
167,39984,Darius Slay,CB,190,31,6.0,9.6,9.3,8.9,102.5,44.1,80.3,5.7,5.0,4.6
168,39985,Giovani Bernard,RB,205,30,5.8,8.9,9.4,10.1,109.9,39.4,210.1,5.7,4.4,5.8
169,39989,Robert Woods,WR,193,30,6.0,8.9,6.9,5.5,23.2,12.6,15.3,3.6,3.3,4.6
170,39992,Kawann Short,DT,315,33,6.2,5.2,3.3,3.3,24.7,32.4,24.4,3.1,2.3,3.1
171,39993,Kevin Minter,ILB,246,31,6.0,8.7,9.6,9.4,512.6,625.4,707.3,5.9,6.2,6.4
172,39997,Johnathan Hankins,DT,340,30,6.2,4.5,3.4,3.8,23.8,21.4,22.9,3.2,2.7,3.2
173,40000,Jamie Collins,OLB,255,33,6.2,4.6,9.4,6.4,28.7,156.5,25.7,4.8,6.0,4.6
174,40001,Margus Hunt,DT,295,35,6.7,7.6,7.8,6.5,53.6,59.0,33.7,3.8,3.3,3.2
175,40002,Jamar Taylor,CB,192,32,5.9,9.5,9.8,10.0,200.9,369.0,148.5,5.1,6.1,4.7
176,40003,Vance McDonald,TE,267,32,6.3,9.0,9.9,8.5,82.8,38.7,50.3,3.6,2.8,3.1
177,40018,Blidi Wreh-Wilson,CB,190,32,6.1,10.0,10.0,10.0,485.4,295.8,305.5,8.1,5.8,5.9
178,40029,Damontre Moore,DE,260,30,6.3,7.6,7.2,9.5,242.0,201.8,424.1,4.8,4.5,5.8
179,40031,Logan Ryan,FS,195,31,5.9,9.9,9.7,9.0,164.6,90.5,180.6,5.6,5.8,5.1
180,40032,Shawn Williams,SS,210,31,6.0,9.2,8.7,9.8,199.3,176.2,719.2,5.8,6.0,6.4
181,40039,Duron Harmon,SS,205,31,6.1,7.6,9.4,9.8,79.2,100.2,132.1,3.6,4.0,6.0
182,40042,Brandon Williams,NT,336,33,6.1,5.0,4.2,3.8,25.4,25.4,20.3,3.1,2.9,3.2
183,40048,Akeem Spence,DT,307,30,6.1,6.5,6.1,6.0,29.6,32.6,19.6,3.0,3.0,3.1
184,40051,Alex Okafor,DE,260,31,6.3,7.6,5.7,1.6,88.5,28.7,2.7,4.1,3.3,1.8
185,40057,David Bakhtiari,T,310,31,6.3,3.5,2.7,1.2,13.5,8.8,6.1,1.9,1.6,1.5
186,40074,William Gholston,DE,281,31,6.5,6.8,8.0,4.7,43.8,50.9,30.3,3.6,3.2,3.1
187,40077,John Simon,DE,260,32,6.2,8.9,8.9,8.5,263.5,323.9,219.8,5.2,4.8,4.1
188,40078,Kyle Juszczyk,FB,240,31,6.1,9.3,9.3,9.6,210.5,145.2,213.8,5.9,5.8,6.2
189,40081,Levine Toilolo,TE,268,31,6.7,8.5,8.9,8.9,72.0,241.7,299.4,3.7,5.2,5.6
190,40089,Oday Aboushi,G,315,31,6.4,2.8,2.6,3.4,10.9,9.4,10.9,1.9,2.4,2.3
191,40096,A.J. Klein,OLB,240,31,6.1,9.3,9.1,9.6,251.9,152.1,254.4,5.4,5.3,5.6
192,40106,Luke Willson,TE,254,32,6.4,8.6,9.1,9.3,105.2,294.4,181.9,4.3,5.8,5.3
193,40107,Micah Hyde,FS,197,31,6.0,9.0,10.0,6.3,149.8,49.7,44.8,5.5,4.3,5.4
194,40113,Sam Martin,P,211,32,6.1,8.1,8.4,7.7,302.6,259.2,109.9,5.0,4.5,3.7
195,40116,Rick Wagner,G,315,33,6.5,1.8,5.2,2.6,9.8,15.3,11.0,1.8,1.9,1.9
196,40118,Eric Kush,G,317,33,6.3,3.6,4.8,1.2,10.9,11.6,4.1,2.6,2.9,1.7
197,40125,Dustin Hopkins,K,203,32,6.2,7.5,7.6,9.4,148.4,156.7,155.1,5.3,5.9,5.2
198,40130,Kenjon Barner,RB,195,33,5.8,10.1,9.5,10.2,322.6,199.6,393.8,5.8,6.2,6.1
199,40138,Rex Burkhead,RB,215,32,5.8,9.8,9.7,9.3,469.7,689.4,396.5,6.7,6.3,6.3
200,40149,Ryan Griffin,TE,255,32,6.5,7.8,8.9,9.5,144.1,351.8,413.7,4.6,5.7,6.3
201,40153,Stacy McGee,DE,341,32,6.2,2.3,2.8,4.2,13.3,11.3,21.0,2.1,2.1,3.2
202,40154,Vince Williams,ILB,233,32,6.1,5.5,9.7,8.1,22.2,287.4,18.6,5.2,6.3,4.0
203,40166,Jordan Poyer,SS,191,31,6.0,9.2,9.4,8.9,120.1,256.6,280.8,4.8,5.7,5.1
204,40215,John Wetzel,T,328,31,6.6,3.3,2.8,2.1,9.2,13.5,6.9,1.9,2.6,1.8
205,40217,Cody Davis,SS,203,33,6.2,10.6,10.5,10.8,871.8,853.2,754.6,7.5,7.3,7.0
206,40248,Daren Bates,ILB,225,31,5.9,9.9,10.2,9.5,777.6,779.7,719.1,6.9,6.6,6.5
207,40276,Brandon McManus,K,201,31,6.2,6.5,8.2,8.8,140.2,117.5,124.2,4.3,4.4,3.9
208,40326,Will Compton,ILB,235,33,6.1,9.1,9.1,9.0,659.7,459.5,494.8,6.4,5.7,6.0
209,40346,Patrick Omameh,G,327,32,6.3,2.0,3.7,2.9,6.4,11.1,10.5,2.1,2.0,1.7
210,40399,Abry Jones,DT,318,31,6.3,8.3,5.3,4.4,45.1,43.5,39.8,3.9,4.0,4.6
211,40408,LaRoy Reynolds,OLB,240,32,6.1,11.6,9.8,9.7,771.9,644.8,588.5,8.0,6.4,6.8
212,40416,Christopher Hubbard,T,295,31,6.3,2.5,3.4,5.2,7.8,9.5,11.4,1.9,1.8,1.6
213,40437,Ryan Allen,P,220,32,6.2,8.5,7.9,8.2,114.8,87.2,170.2,3.7,3.5,3.6
214,40463,Brandon Copeland,OLB,263,31,6.2,9.5,9.1,9.1,636.1,551.6,559.8,5.7,5.8,6.2
215,40476,Jordan Dangerfield,SS,200,31,5.9,9.8,9.1,9.2,810.6,811.0,812.1,7.1,6.7,6.7
216,40488,Adam Thielen,WR,200,32,6.2,6.9,8.1,7.8,21.8,44.6,33.7,3.9,3.7,4.2
217,40494,Nickell Robey,CB,178,30,5.7,9.6,9.4,8.8,228.6,170.4,190.7,5.3,4.4,5.8
218,40551,Brett Jones,C,315,31,6.2,3.8,1.8,4.3,17.1,15.0,10.8,2.4,1.9,1.9
219,40579,Ray-Ray Armstrong,OLB,220,31,6.2,9.8,9.5,9.5,575.0,762.6,570.5,6.2,6.0,6.7
220,40600,Tress Way,P,220,32,6.1,8.5,8.7,8.8,158.6,162.8,145.6,3.8,3.8,3.6
221,40608,Damion Square,NT,293,33,6.2,6.8,7.6,5.5,22.4,36.1,28.0,4.5,3.8,3.2
222,40615,Demetrius Harris,TE,230,31,6.6,10.1,9.3,10.5,689.3,224.6,423.7,6.2,4.8,6.5
223,40621,Bradley McDougald,SS,215,31,6.1,6.6,6.6,8.5,21.2,21.5,64.0,2.2,2.7,5.0
224,40641,Jack Doyle,TE,262,32,6.5,9.2,7.2,8.5,66.6,17.8,78.6,3.9,3.3,4.2
225,40656,Jeff Heath,SS,212,31,6.1,9.8,9.1,10.4,505.9,331.2,653.6,7.3,5.6,7.1
226,40657,Deon Lacey,ILB,235,32,6.2,10.3,10.1,10.0,857.6,776.9,616.9,6.9,6.7,6.6
227,40676,Josh Hill,TE,250,32,6.4,7.1,9.0,8.7,33.8,207.4,123.0,3.1,5.4,4.3
228,40733,Lane Taylor,G,324,32,6.2,5.0,1.3,1.7,12.6,4.8,11.4,1.9,2.5,1.7
229,40755,Jahleel Addae,FS,195,32,5.8,7.0,9.2,9.4,21.2,405.5,377.2,2.6,5.7,6.0
230,40994,James Winchester,LS,240,33,6.2,9.3,9.1,9.3,136.8,152.1,142.7,5.0,4.4,4.7
231,41069,James Ferentz,C,300,33,6.2,1.4,3.1,1.8,7.3,9.0,7.8,1.6,2.0,1.9
232,41175,Jason Myers,K,190,31,5.8,7.9,8.8,9.4,194.6,175.2,212.4,5.0,5.7,5.2
233,41222,Alejandro Villanueva,T,320,34,6.8,4.3,5.0,5.1,17.8,19.2,16.3,2.4,2.1,2.2
234,41227,Jadeveon Clowney,DE,255,29,6.4,2.2,4.7,4.7,13.5,21.6,14.5,3.0,3.0,3.0
235,41232,Jake Matthews,T,309,30,6.4,2.4,2.4,2.9,10.6,10.9,8.2,1.8,1.7,1.5
236,41235,Anthony Barr,OLB,255,30,6.4,8.3,5.8,2.2,40.8,25.8,33.0,4.3,3.8,3.8
237,41237,Taylor Lewan,T,309,31,6.6,6.7,5.8,3.8,23.1,27.5,20.9,2.7,2.3,2.3
238,41239,Aaron Donald,DT,280,31,6.1,4.9,6.3,4.7,44.0,30.2,25.0,3.5,3.1,3.3
239,41240,Kyle Fuller,CB,194,30,5.9,10.0,10.1,9.9,195.4,72.2,81.7,6.2,4.1,4.9
240,41242,Zack Martin,G,315,31,6.3,3.0,3.8,4.2,12.0,13.8,17.7,1.7,1.7,1.6
241,41250,Darqueze Dennard,CB,205,31,5.9,10.4,9.5,10.3,202.2,73.4,68.2,6.2,5.5,5.3
242,41256,Jimmie Ward,FS,193,31,5.9,9.8,8.8,9.3,312.5,285.4,247.9,6.0,5.3,5.6
243,41262,Xavier Su'a-Filo,G,310,31,6.3,3.9,3.1,2.3,10.9,13.4,8.6,1.8,1.9,1.7
244,41263,Demarcus Lawrence,DE,265,30,6.2,8.2,7.4,5.5,39.8,35.7,22.6,3.8,3.5,2.7
245,41264,Joel Bitonio,G,320,31,6.3,4.2,6.9,4.3,11.2,16.4,12.5,2.0,2.0,1.7
246,41269,Kyle Van Noy,OLB,250,31,6.2,9.0,8.0,2.3,158.3,97.9,16.8,5.9,5.3,3.6
247,41275,Stephon Tuitt,DE,303,29,6.5,3.7,2.0,3.9,20.5,16.4,18.7,3.1,2.5,2.3
248,41276,Trent Murphy,DE,259,31,6.5,5.9,6.3,7.6,37.3,30.8,35.6,3.4,2.8,2.6
249,41279,Jeremiah Attaochu,OLB,252,29,6.2,9.3,9.3,9.4,389.4,296.3,386.1,6.5,5.8,6.0
250,41282,Davante Adams,WR,215,29,6.1,4.1,4.1,7.5,12.3,7.6,22.3,3.4,3.1,3.5
251,41290,Allen Robinson,WR,220,29,6.2,6.8,5.9,6.4,30.1,35.7,27.6,2.7,2.3,4.2
252,41295,Morgan Moses,T,330,31,6.5,3.2,3.9,2.6,10.5,8.5,9.6,2.1,1.6,1.5
253,41296,Billy Turner,T,310,31,6.4,2.6,2.5,1.5,8.1,8.4,5.5,2.0,1.9,2.0
254,41300,Christian Kirksey,OLB,235,30,6.2,7.5,3.2,8.3,26.4,21.2,24.5,3.1,4.9,2.5
255,41308,Terrence Brooks,SS,205,30,5.9,10.3,10.3,10.5,908.9,501.4,366.7,7.1,6.0,5.6
256,41310,Gabe Jackson,G,336,31,6.2,2.6,2.5,2.2,7.7,6.4,10.6,1.9,1.8,1.8
257,41313,Kareem Martin,OLB,272,30,6.5,7.5,5.7,1.7,52.0,36.8,8.0,5.3,5.8,3.1
258,41316,Phillip Gaines,CB,193,31,6.0,10.5,10.0,10.1,309.9,341.6,285.0,6.7,6.0,6.8
259,41319,Donte Moncrief,WR,216,29,6.2,6.2,6.5,10.2,52.6,51.5,500.2,4.0,3.0,6.6
260,41324,Michael Schofield,G,301,31,6.5,6.4,2.4,6.5,15.7,12.3,16.5,1.9,1.6,2.2
261,41327,Richard Rodgers,TE,257,30,6.3,8.6,8.4,9.1,206.7,342.4,199.6,5.5,5.6,5.2
262,41337,Cassius Marsh,DE,245,30,6.3,9.6,8.9,9.4,395.3,262.2,385.9,5.7,5.3,6.1
263,41341,DaQuan Jones,NT,322,30,6.3,4.8,5.9,6.1,30.5,57.9,53.5,3.2,3.0,3.5
264,41348,Anthony Hitchens,ILB,235,30,6.0,6.1,7.6,5.4,36.5,25.6,20.6,3.8,3.1,2.5
265,41349,Logan Thomas,TE,250,31,6.5,9.6,9.4,4.2,491.0,420.4,9.5,6.4,6.4,2.1
266,41356,Pierre Desir,CB,192,32,6.1,10.2,10.2,9.8,293.8,140.5,326.7,5.7,5.5,6.4
267,41358,Dontae Johnson,CB,200,30,6.2,10.1,10.4,10.0,206.4,690.4,598.7,4.8,6.5,6.0
268,41359,James White,RB,205,30,5.8,7.7,7.5,7.7,80.4,81.3,91.8,4.2,5.2,4.0
269,41361,Kevin Pierre-Louis,OLB,230,31,6.0,10.0,9.6,9.7,853.2,683.1,114.2,7.7,6.3,5.0
270,41362,Nevin Lawson,CB,192,31,5.8,10.0,10.6,10.0,196.4,617.3,389.6,6.0,7.1,6.4
271,41363,Brent Urban,DT,300,31,6.6,7.3,5.6,5.1,34.1,31.4,52.0,3.3,2.8,3.1
272,41366,Dakota Dozier,G,313,31,6.3,3.5,3.8,2.2,9.5,10.7,9.3,1.9,2.3,2.2
273,41369,Cameron Fleming,T,320,30,6.5,6.1,6.0,6.1,17.3,20.3,15.7,2.5,2.2,2.2
274,41376,Ricardo Allen,CB,186,30,5.8,8.9,8.8,8.2,55.3,64.8,28.1,6.0,4.7,4.0
275,41379,Aaron Lynch,OLB,285,29,6.4,8.1,5.7,8.0,45.3,10.2,50.1,4.2,2.7,5.3
276,41387,Caraun Reid,DT,292,30,6.2,2.0,3.9,7.2,12.1,34.2,68.9,2.5,3.0,4.6
277,41420,Pat O'Donnell,P,212,31,6.3,8.9,9.2,8.0,124.8,166.3,126.2,3.3,3.8,3.1
278,41422,Zach Fulton,G,321,31,6.4,2.9,4.2,2.1,14.3,12.5,10.9,1.8,1.7,1.8
279,41444,Daniel McCullers,NT,352,30,6.6,3.6,2.9,5.7,16.6,15.2,24.9,2.9,2.5,3.5
280,41448,T.J. Carrie,CB,204,32,6.0,10.3,9.8,10.3,458.3,165.6,597.5,7.4,5.7,6.6
281,41449,Shamar Stephen,NT,310,31,6.4,4.2,5.8,5.2,27.1,25.9,24.4,4.1,3.8,3.4
282,41464,Shelby Harris,DE,290,31,6.2,9.0,6.3,5.7,60.9,37.0,33.1,4.1,3.8,3.5
283,41475,Charles Leno,T,305,31,6.2,4.4,3.5,3.1,10.9,8.4,10.0,1.9,1.9,1.9
284,41500,Willie Snead,WR,205,30,5.9,7.8,8.7,7.2,35.3,52.8,23.6,5.2,5.8,4.4
285,41502,Daniel Sorensen,FS,208,32,6.2,9.0,10.0,9.6,299.8,595.1,369.3,6.1,6.8,6.2
286,41507,Bennie Fowler,WR,212,31,6.1,10.3,10.4,10.6,447.7,109.1,577.9,6.3,7.3,6.6
287,41532,James Hurst,G,310,30,6.4,6.4,5.2,3.2,25.9,19.5,14.0,2.3,2.2,2.3
288,41544,Josh Andrews,G,298,31,6.2,1.5,2.0,6.2,6.7,2.7,9.4,2.2,2.0,2.2
289,41548,Trey Burton,TE,238,31,6.2,7.6,8.5,8.7,33.8,191.5,135.4,3.9,6.0,5.4
290,41563,Cornelius Lucas,T,328,31,6.7,1.4,2.5,4.0,3.9,8.3,8.8,2.0,1.8,2.0
291,41595,Mike Pennel,NT,332,31,6.3,6.4,4.3,6.7,29.3,13.9,23.3,3.6,3.5,3.0
292,41599,Joe Thomas,ILB,232,31,6.1,9.8,9.7,9.5,593.7,482.1,321.1,7.0,6.3,5.0
293,41619,Trey Hopkins,C,316,30,6.2,3.0,2.6,4.5,10.2,9.1,10.4,2.1,1.9,1.5
294,41630,Justin McCray,C,317,30,6.2,1.8,3.9,3.1,9.8,11.1,10.6,1.6,1.9,2.2
295,41665,Tyler Shatley,G,310,31,6.2,7.8,5.0,2.8,15.0,10.3,10.7,2.0,2.2,2.2
296,41667,Josh Wells,T,306,31,6.5,1.7,6.7,3.1,9.9,26.4,13.8,1.6,2.4,1.8
297,41688,Cody Parkey,K,190,30,6.0,9.0,7.0,7.1,221.0,143.0,221.0,5.6,4.0,4.7
298,41707,Tyler Larsen,C,325,31,6.3,4.1,4.6,6.1,13.2,11.7,16.0,2.1,2.4,2.3
299,41722,Josh Mauro,DE,290,31,6.5,4.8,5.7,3.4,32.6,25.0,22.5,3.7,3.3,2.8
300,41786,Kerry Hyder,DE,270,31,6.2,6.0,8.1,5.1,51.8,58.0,37.0,4.7,3.7,3.6
301,41797,Casey Kreiter,LS,250,32,6.1,9.0,8.8,8.7,253.6,224.9,210.3,5.3,5.0,4.8
302,41808,Keith Smith,FB,240,30,6.0,9.0,8.8,9.2,705.0,526.3,533.3,6.5,5.9,6.7
303,41843,Brent Qvale,T,315,31,6.6,6.2,2.5,6.1,35.1,6.4,11.4,2.9,1.4,1.8
304,41915,Shaquil Barrett,OLB,250,29,6.2,9.4,7.0,8.4,589.9,44.2,28.7,7.0,4.4,4.2
305,41919,Zach Kerr,DT,334,32,6.2,6.9,6.0,6.4,17.8,41.4,36.9,2.7,3.7,3.1
306,41937,Adarius Taylor,MLB,230,32,6.0,10.0,10.1,10.4,379.0,690.4,576.6,5.4,7.1,6.2
307,41939,Andrew Norwell,G,325,31,6.5,6.6,2.7,2.4,13.5,7.1,5.5,2.0,1.5,1.5
308,41944,Brandon Dunn,NT,310,30,6.2,5.0,5.5,5.6,46.6,43.6,29.2,3.1,3.0,2.8
309,41947,Christian Jones,OLB,250,31,6.2,9.4,9.6,9.7,212.6,211.6,253.9,5.5,6.1,6.4
310,41953,Chris Boswell,K,185,31,6.2,7.3,7.3,5.9,189.0,162.3,166.6,5.0,5.3,5.1
311,41959,Matt Feiler,T,330,30,6.5,4.5,2.4,2.2,12.0,9.5,8.9,2.0,2.0,1.8
312,41969,Bryan Witzmann,G,320,32,6.6,3.1,1.8,1.2,12.2,18.3,4.4,1.7,2.1,1.7
313,41973,Tyler Ott,LS,253,30,6.2,9.0,8.5,8.7,253.9,206.6,166.0,5.2,4.6,4.4
314,41991,Cairo Santos,K,160,30,5.7,7.0,7.5,7.4,224.4,169.3,201.9,5.3,5.0,5.1
315,41997,Senorise Perry,RB,210,31,6.0,10.4,10.2,10.1,738.1,713.7,565.8,8.9,7.7,6.6
316,42006,Malcolm Butler,CB,190,32,5.9,10.4,10.1,9.4,192.7,98.2,54.3,6.1,5.5,5.0
317,42030,K'Waun Williams,CB,183,31,5.8,8.5,8.5,5.3,43.1,53.0,21.6,3.7,4.2,2.9
318,42031,Denico Autry,DE,285,32,6.4,8.6,4.9,5.0,61.6,39.0,20.1,4.0,3.2,2.9
319,42033,Cameron Brate,TE,245,31,6.4,8.6,9.3,4.1,39.3,41.5,8.9,2.9,3.6,4.9
320,42094,C.J. Goodwin,CB,190,32,6.2,10.7,10.9,11.1,785.2,715.4,718.0,7.9,7.6,7.3
321,42116,Adrian Phillips,SS,210,30,5.9,9.9,9.8,9.6,788.9,528.8,372.5,7.6,6.5,6.4
322,42138,Todd Davis,ILB,230,30,6.1,8.2,5.6,9.5,21.1,30.7,178.0,2.2,2.9,5.4
323,42302,Chris Manhertz,TE,255,30,6.5,8.3,9.1,7.7,84.6,103.6,31.9,4.0,4.1,4.1
324,42331,Efe Obada,DE,265,30,6.5,9.5,9.6,7.4,270.3,174.1,62.0,5.0,3.9,3.4
325,42333,Jordan Berry,P,195,31,6.4,9.0,9.1,9.1,112.2,169.0,167.7,3.8,4.2,4.0
326,42346,Dante Fowler,DE,255,28,6.2,8.9,7.5,8.7,41.3,21.3,37.4,3.5,3.2,3.4
327,42348,Brandon Scherff,G,315,30,6.4,1.9,2.4,2.8,5.9,8.3,11.1,1.5,1.9,2.0
328,42349,Leonard Williams,DT,302,28,6.4,6.6,6.3,8.3,46.8,37.6,75.8,3.7,3.1,3.9
329,42351,Vic Beasley,OLB,246,30,6.2,6.9,2.4,6.2,34.0,6.9,24.5,5.3,2.3,4.4
330,42352,Ereck Flowers,G,329,28,6.5,3.4,3.5,2.4,8.2,9.3,14.3,2.0,1.4,2.3
331,42355,Danny Shelton,DT,345,29,6.2,6.8,6.5,4.9,46.7,23.5,18.5,3.9,2.7,3.1
332,42356,Andrus Peat,G,316,29,6.6,3.3,3.6,1.9,15.7,11.8,10.1,2.3,2.0,1.4
333,42360,Arik Armstead,DE,292,28,6.6,6.8,7.1,4.7,23.2,42.0,47.7,2.8,3.5,3.3
334,42362,Cameron Erving,T,313,30,6.4,3.8,6.0,2.6,32.6,14.2,8.7,2.8,2.0,1.9
335,42364,Cedric Ogbuehi,T,310,30,6.4,3.3,2.6,3.5,7.0,9.5,10.7,2.8,2.0,1.4
336,42365,Bud Dupree,OLB,269,29,6.3,6.9,3.5,8.9,17.7,16.5,15.9,4.5,4.0,3.7
337,42367,D.J. Humphries,T,307,28,6.4,3.3,4.7,3.2,8.2,14.1,15.6,2.2,2.6,2.4
338,42368,Shaq Thompson,OLB,230,28,6.0,9.8,8.6,6.5,378.0,62.7,44.5,6.0,5.0,5.3
339,42370,Byron Jones,CB,205,30,6.0,10.2,10.1,9.4,415.6,296.2,69.1,6.7,5.9,5.9
340,42371,Laken Tomlinson,G,312,30,6.2,3.7,6.2,3.7,11.8,18.9,12.7,2.2,2.3,2.1
341,42373,Damarious Randall,FS,196,30,5.9,9.3,4.3,9.8,79.9,25.4,320.8,3.6,4.1,5.7
342,42375,Malcom Brown,DT,320,28,6.2,5.7,4.8,3.6,16.5,20.5,18.2,2.6,2.9,2.6
343,42377,Donovan Smith,T,338,29,6.5,7.1,6.1,2.7,14.0,20.9,14.5,1.7,2.3,2.1
344,42381,Preston Smith,OLB,265,29,6.4,6.6,5.2,3.8,26.5,35.5,13.9,3.6,4.4,2.7
345,42386,Benardrick McKinney,ILB,257,29,6.3,4.7,3.9,3.9,21.3,17.8,21.0,4.2,4.2,4.0
346,42388,Eric Kendricks,ILB,232,30,6.0,8.1,8.7,9.1,44.4,37.3,49.6,3.9,4.8,4.7
347,42389,Jaquiski Tartt,SS,215,30,6.1,10.3,9.4,9.4,100.4,203.7,233.0,5.3,5.3,5.7
348,42394,Nate Orchard,DE,251,29,6.2,3.8,9.0,8.6,25.8,359.1,396.1,3.1,5.7,5.3
349,42395,Jordan Phillips,DT,341,30,6.5,3.1,6.9,3.4,17.0,16.8,28.6,3.1,2.4,2.6
350,42397,Ameer Abdullah,RB,203,29,5.8,10.0,10.3,9.8,360.0,578.2,503.5,6.7,6.7,6.6
351,42398,Maxx Williams,TE,252,28,6.3,9.6,9.5,8.3,390.0,407.3,63.4,6.2,6.3,3.8
352,42400,Rob Havenstein,T,328,30,6.7,2.3,2.8,4.6,14.2,11.6,12.3,1.8,1.9,1.8
353,42401,Markus Golden,OLB,260,31,6.2,4.9,6.1,3.2,21.9,29.6,18.7,4.0,3.8,4.6
354,42402,Ty Sambrailo,T,315,30,6.4,3.1,2.9,6.3,14.3,11.8,12.5,2.6,2.0,1.6
355,42404,Ali Marpet,G,307,29,6.3,5.8,7.0,4.0,12.0,22.9,13.3,2.1,2.7,2.2
356,42407,Jordan Richards,SS,215,29,5.9,9.6,10.0,9.8,309.0,742.8,732.2,6.2,6.6,6.6
357,42410,A.J. Cann,G,325,31,6.2,5.0,3.5,2.1,13.0,7.1,6.2,1.9,2.1,1.6
358,42412,Tyler Lockett,WR,182,30,5.8,9.4,9.1,7.2,176.7,133.3,44.8,6.2,5.5,6.5
359,42415,Jamon Brown,G,340,29,6.3,3.6,2.6,0.8,16.4,11.5,1.3,2.0,2.0,0.8
360,42419,Chris Conley,WR,205,30,6.2,7.7,9.3,10.4,49.4,56.0,127.7,5.0,3.4,5.3
361,42420,Duke Johnson,RB,210,29,5.8,9.7,7.3,5.4,70.2,62.4,32.4,5.3,3.3,5.3
362,42421,P.J. Williams,FS,196,29,6.0,9.8,9.1,9.4,237.8,173.5,309.6,5.3,4.7,5.3
363,42424,John Miller,G,315,29,6.2,5.8,3.0,3.0,14.2,9.1,8.7,2.1,1.8,1.3
364,42427,Jordan Hicks,ILB,236,30,6.1,3.8,8.0,7.2,12.9,30.2,45.4,1.8,2.4,2.7
365,42428,Tyler Kroft,TE,250,30,6.5,8.5,9.1,8.8,158.3,213.1,194.7,4.3,5.0,4.8
366,42436,Henry Anderson,DE,301,31,6.5,6.1,7.1,6.2,64.5,66.8,51.3,3.8,3.8,3.4
367,42437,Ty Montgomery,RB,216,29,6.0,10.1,10.4,10.3,249.8,423.4,581.9,5.7,7.7,6.7
368,42441,Steven Nelson,CB,194,29,5.9,7.5,7.3,7.9,48.6,36.0,26.9,5.9,5.8,4.6
369,42443,Angelo Blackson,DT,318,29,6.3,7.1,5.8,6.0,52.7,23.1,32.3,3.5,2.9,3.5
370,42448,Jamison Crowder,WR,177,29,5.8,7.6,7.5,5.0,66.9,28.7,20.8,4.7,2.9,4.4
371,42458,Ibraheim Campbell,FS,208,30,5.9,9.5,9.2,9.9,402.2,574.9,604.0,6.8,5.8,8.0
372,42460,Blake Bell,TE,252,31,6.5,9.1,9.2,8.0,481.1,279.8,106.1,6.9,5.4,4.7
373,42465,Za'Darius Smith,OLB,272,30,6.3,8.0,5.9,4.3,31.5,41.1,22.1,4.5,4.9,4.2
374,42467,Kwon Alexander,OLB,227,28,6.1,5.8,6.3,5.3,58.4,34.1,28.6,3.4,3.4,3.5
375,42469,Mike Davis,RB,221,29,5.8,10.0,9.5,9.3,301.7,368.8,134.9,6.0,5.8,4.3
376,42470,Damien Wilson,OLB,243,29,6.0,10.1,7.8,9.7,714.2,41.3,227.5,7.0,5.3,5.4
377,42471,Jon Feliciano,G,323,30,6.3,5.1,7.8,5.6,26.3,17.9,26.6,2.8,2.4,2.6
378,42474,Shaquille Mason,G,310,29,6.1,1.6,3.8,1.9,9.4,9.6,7.3,1.6,1.8,1.8
379,42476,Max Garcia,G,309,31,6.3,3.0,7.4,4.2,12.6,20.1,13.9,2.9,2.7,2.2
380,42477,Mark Glowinski,G,310,30,6.3,3.7,5.7,3.1,10.3,13.7,13.1,2.1,2.2,2.2
381,42480,Grady Jarrett,DT,305,29,6.0,7.0,6.6,4.2,27.4,20.7,32.6,3.0,2.4,3.2
382,42485,Adrian Amos,FS,214,29,6.0,8.1,8.6,9.0,118.7,79.0,63.5,4.6,4.2,4.0
383,42486,MyCole Pruitt,TE,243,30,6.2,9.6,9.8,9.6,231.5,387.4,228.0,4.8,5.8,5.2
384,42488,Bobby McCain,FS,192,29,5.9,9.1,6.1,8.2,111.1,45.8,40.3,4.5,4.9,3.4
385,42497,Tyeler Davison,DT,309,30,6.2,3.6,6.1,5.0,22.3,32.4,21.6,2.4,2.7,2.6
386,42500,C.J. Uzomah,TE,260,29,6.5,9.6,9.7,3.0,164.0,243.2,13.1,3.9,4.7,3.5
387,42503,Jesse James,TE,250,28,6.6,7.0,7.9,8.2,19.3,90.5,173.0,2.6,3.9,4.5
388,42508,Bradley Pinion,P,240,28,6.4,7.6,8.3,8.7,257.2,249.5,243.4,3.9,3.8,4.3
389,42509,Joe Cardona,LS,245,30,6.2,9.2,8.9,9.1,185.6,224.1,156.1,5.2,4.7,4.6
390,42511,Michael Burton,FB,240,30,6.0,9.1,9.6,9.4,217.3,724.5,283.8,5.7,6.4,6.3
391,42512,David Mayo,ILB,245,29,6.2,9.6,9.5,9.6,682.6,445.6,737.3,6.6,6.2,7.2
392,42514,Nick Boyle,TE,270,29,6.3,9.0,8.8,9.2,167.4,200.0,238.5,5.0,5.3,5.5
393,42516,James O'Shaughnessy,TE,245,30,6.3,9.6,6.8,8.9,242.1,37.4,123.2,5.5,4.1,4.2
394,42543,Quandre Diggs,FS,197,29,5.8,9.3,5.2,8.7,86.3,21.9,34.0,5.2,2.9,2.2
395,42547,Darren Waller,TE,255,30,6.5,10.1,8.0,7.3,362.9,35.2,26.2,7.5,3.3,3.4
396,42555,Anthony Chickillo,OLB,255,29,6.2,9.4,9.2,9.5,802.7,815.7,444.0,7.5,6.6,5.9
397,42559,Christian Covington,NT,305,29,6.2,4.4,6.0,5.1,19.3,32.8,28.0,2.8,3.0,3.2
398,42560,Rakeem Nunez-Roches,DT,307,29,6.2,7.1,7.2,6.8,67.9,31.1,29.5,4.0,3.0,2.7
399,42565,Austin Reiter,C,300,30,6.2,3.0,5.1,3.6,19.6,18.5,15.4,2.3,2.3,1.8
400,42567,Bryce Hager,ILB,237,30,6.1,9.8,9.4,9.4,833.3,445.5,581.5,6.9,6.2,6.1
401,42569,Bobby Hart,T,310,28,6.4,3.5,3.2,3.4,13.9,10.1,8.6,2.6,2.1,2.7
402,42579,Mark Nzeocha,OLB,239,32,6.2,9.9,9.8,9.7,756.0,702.3,703.5,6.4,6.7,6.1
403,42587,Trenton Brown,T,380,29,6.7,3.2,2.3,2.5,10.3,6.5,12.3,1.8,1.4,1.8
404,42589,Geoff Swaim,TE,260,29,6.3,8.6,7.4,9.3,335.7,32.4,371.9,5.9,4.4,5.2
405,42590,Darryl Roberts,CB,182,31,5.9,10.3,10.4,10.0,408.6,316.7,188.8,6.6,5.4,5.8
406,42598,Denzelle Good,G,340,31,6.4,2.3,2.0,2.2,7.5,7.2,11.2,2.4,2.2,1.9
407,42721,Eric Tomlinson,TE,263,30,6.5,8.8,9.3,8.6,377.0,212.6,86.6,5.6,4.8,3.6
408,42744,Xavier Williams,DT,309,30,6.2,1.8,6.2,6.3,6.4,51.8,23.4,2.0,3.7,3.1
409,42765,Chris Reed,G,320,30,6.3,3.4,1.6,6.0,8.2,5.6,17.3,1.7,1.4,2.4
410,42771,Neville Hewitt,ILB,234,29,6.2,10.0,9.4,9.8,749.1,310.6,283.1,6.9,5.6,5.9
411,42794,DeAndre Carter,WR,190,29,5.7,9.8,9.5,8.9,236.4,166.1,137.9,7.0,6.2,6.6
412,42810,B.J. Finney,C,318,31,6.3,4.1,4.1,1.6,9.4,7.1,5.1,1.9,2.0,1.5
413,42816,Troy Hill,CB,184,31,5.9,10.3,10.3,8.9,427.2,447.5,55.9,6.5,6.3,3.6
414,42818,Jake Kumerow,WR,209,30,6.3,10.2,10.2,10.6,650.6,404.3,714.8,7.3,6.5,6.6
415,42827,Justin Coleman,CB,190,29,5.9,10.4,10.0,9.8,734.2,308.7,198.4,7.1,6.3,6.6
416,42830,Anthony Harris,FS,202,31,6.1,12.8,9.0,8.4,571.6,147.1,64.0,6.5,4.9,4.4
417,42837,Malcolm Brown,RB,222,29,5.9,9.8,9.9,8.8,478.8,414.0,112.6,6.7,5.9,4.4
418,42875,Deshazor Everett,SS,203,30,6.0,9.9,10.1,9.6,707.2,814.6,463.9,7.0,6.1,6.2
419,42899,Damiere Byrd,WR,180,29,5.8,10.1,7.6,7.0,442.7,115.5,64.2,6.8,8.1,5.4
420,42901,Dean Marlowe,SS,208,30,6.1,10.0,10.3,10.1,323.6,411.7,630.1,4.3,6.2,6.2
421,42924,Jesse Davis,T,325,31,6.5,3.2,3.0,4.6,10.2,10.5,12.3,2.1,1.8,1.9
422,42942,Rick Lovato,LS,249,30,6.2,11.2,8.3,8.3,190.6,193.6,201.0,5.4,4.0,4.6
423,42952,Kendall Lamm,T,310,30,6.4,3.9,3.2,5.5,18.3,13.4,16.4,2.1,1.8,1.9
424,42954,Greg Mancz,C,310,30,6.3,3.6,4.9,6.3,18.8,15.9,29.5,2.2,2.0,2.7
425,42992,De'Vante Bausby,CB,190,29,6.2,10.0,9.7,10.0,249.9,263.7,259.7,7.1,6.4,5.4
426,43000,Justin March-Lillard,OLB,222,29,6.0,9.6,9.4,9.6,515.4,676.0,647.1,6.4,7.2,6.9
427,43008,Quinton Dunbar,CB,202,30,6.2,7.4,8.0,8.8,45.7,46.8,53.5,5.0,5.2,6.8
428,43044,Curtis Riley,FS,190,30,6.0,10.3,10.1,9.6,194.2,618.0,299.0,5.5,6.6,6.2
429,43045,Quinton Spain,G,330,31,6.3,6.9,7.4,3.4,11.3,11.5,10.9,2.0,1.7,1.5
430,43062,Nick Dzubnar,ILB,240,31,6.1,9.5,9.4,9.4,793.3,674.5,718.1,6.7,6.5,6.7
431,43068,Josh Lambo,K,215,31,6.0,8.9,9.2,7.8,167.5,105.0,63.0,5.0,4.9,4.8
432,43075,Tyrell Adams,ILB,228,30,6.2,9.9,9.4,10.1,855.7,407.6,271.5,7.0,6.0,5.8
433,43079,Daniel Brown,TE,247,30,6.4,9.7,9.4,9.5,670.7,620.8,683.2,7.2,6.7,6.5
434,43092,T.Y. McGill,DT,299,29,6.0,4.0,4.7,3.4,37.0,24.8,25.5,2.8,4.1,2.4
435,43294,Jalen Ramsey,CB,208,28,6.1,10.7,8.8,9.2,88.9,33.9,50.9,6.8,4.6,4.9
436,43295,Ronnie Stanley,T,315,28,6.5,5.5,3.6,0.8,18.0,12.4,1.4,2.0,2.1,1.2
437,43296,DeForest Buckner,DT,300,28,6.6,7.0,7.9,6.0,69.6,48.2,49.2,3.4,3.0,2.9
438,43297,Jack Conklin,T,308,28,6.5,7.4,5.4,5.8,13.5,13.3,18.4,1.9,2.0,2.0
439,43298,Leonard Floyd,OLB,240,30,6.4,6.2,7.7,8.3,26.3,47.9,45.7,6.3,4.6,5.2
440,43299,Eli Apple,CB,203,27,6.1,9.8,9.8,10.9,323.2,98.6,274.9,6.8,4.8,15.6
441,43300,Vernon Hargreaves,CB,204,27,5.8,9.9,9.1,7.8,145.2,270.9,33.8,5.8,5.4,3.9
442,43301,Sheldon Rankins,DT,305,28,6.2,1.3,6.2,3.8,3.5,35.4,19.0,1.8,3.1,3.0
443,43302,Laremy Tunsil,T,313,28,6.4,1.8,3.5,2.2,6.8,11.7,7.3,1.3,1.6,1.1
444,43303,Karl Joseph,SS,200,29,5.8,9.8,9.2,9.0,298.8,254.7,167.9,5.8,4.9,5.1
445,43305,Taylor Decker,T,318,29,6.6,2.4,2.8,2.0,10.6,8.2,5.9,2.0,2.2,1.9
446,43308,Shaq Lawson,OLB,267,28,6.2,7.2,6.0,6.3,44.8,25.6,59.1,4.1,2.7,4.2
447,43309,Darron Lee,ILB,232,28,6.1,9.5,9.2,9.5,174.2,571.0,682.9,4.9,6.4,6.6
448,43312,Laquon Treadwell,WR,215,27,6.2,9.9,7.8,9.4,102.6,134.6,182.7,6.3,4.9,5.5
449,43316,Kenny Clark,NT,314,27,6.2,5.8,4.9,3.9,26.8,42.3,15.1,4.1,3.8,3.0
450,43319,Vernon Butler,DT,330,28,6.3,5.6,6.3,6.9,35.7,43.2,24.1,3.5,3.2,2.8
451,43320,Germain Ifedi,G,325,28,6.4,2.7,2.5,3.3,12.9,9.5,11.1,1.8,1.5,2.3
452,43321,Emmanuel Ogbah,DE,275,29,6.3,5.2,3.1,6.4,33.6,17.5,50.8,2.9,3.1,3.6
453,43323,Jaylon Smith,ILB,245,27,6.2,7.5,5.4,8.5,54.3,45.7,44.0,3.6,3.0,3.6
454,43326,Chris Jones,DT,308,28,6.5,3.2,4.4,2.1,19.5,15.7,9.9,2.8,2.4,2.2
455,43327,Xavien Howard,CB,200,29,6.1,9.5,6.7,5.4,61.0,78.4,30.7,6.6,5.7,3.3
456,43329,Sterling Shepard,WR,201,29,5.8,9.1,6.3,5.9,34.0,20.9,36.6,3.7,3.6,4.2
457,43330,Reggie Ragland,MLB,252,29,6.2,2.5,8.8,8.5,7.4,171.9,132.4,2.1,4.6,4.5
458,43331,Kamalei Correa,OLB,241,28,6.2,9.6,9.5,8.1,382.0,402.0,117.5,6.7,6.0,4.8
459,43332,Austin Johnson,NT,314,28,6.3,7.2,6.9,7.7,38.1,85.5,60.3,4.0,4.2,4.6
460,43335,A'Shawn Robinson,DT,330,27,6.3,4.0,3.0,5.9,27.5,19.2,20.9,3.0,3.4,3.1
461,43338,Jarran Reed,DT,306,29,6.2,4.3,6.9,4.3,22.2,27.8,29.2,2.7,2.9,2.9
462,43339,Nick Martin,C,300,29,6.3,2.6,6.2,1.2,16.5,6.4,8.6,2.0,1.6,1.6
463,43341,Deion Jones,MLB,227,28,6.1,6.0,5.6,7.5,24.3,28.4,33.9,3.2,3.0,2.7
464,43347,Sean Davis,FS,202,29,6.1,10.3,4.8,10.2,209.3,30.6,524.1,6.8,4.6,6.5
465,43350,Vonn Bell,SS,205,27,5.9,9.7,9.6,8.8,206.9,214.8,58.5,5.3,5.0,5.4
466,43351,James Bradberry,CB,212,29,6.1,9.9,9.5,10.2,195.9,87.5,115.7,6.7,5.9,5.7
467,43352,Adam Gotsis,DE,287,30,6.3,8.0,5.7,6.7,66.3,55.4,57.1,3.8,3.1,3.7
468,43353,Kevin Byard,FS,212,29,5.9,10.2,10.2,7.2,246.7,233.8,30.7,6.2,5.7,4.2
469,43354,Carl Nassib,DE,275,29,6.6,7.0,5.6,5.4,36.1,29.4,17.6,3.3,3.5,3.0
470,43356,Maliek Collins,DT,308,27,6.2,5.9,4.9,5.2,31.1,36.9,25.5,3.1,3.1,2.6
471,43357,Will Redmond,SS,186,28,5.9,10.7,10.8,10.5,524.4,552.8,607.6,6.8,6.8,7.0
472,43360,Darian Thompson,FS,213,29,6.2,9.7,9.9,9.9,188.3,526.8,429.8,5.6,6.7,6.0
473,43364,Shilique Calhoun,OLB,260,30,6.3,8.8,9.4,8.8,516.2,567.0,174.7,6.1,5.8,5.8
474,43366,Daryl Worley,CB,215,27,6.1,9.9,9.6,10.1,177.7,150.6,168.3,6.0,5.9,5.4
475,43367,Joe Thuney,T,308,29,6.4,2.7,2.7,3.2,11.7,12.9,9.7,2.1,2.5,1.7
476,43368,Isaac Seumalo,G,303,29,6.3,3.1,4.0,3.0,8.9,11.0,7.0,1.7,1.9,1.6
477,43372,Jordan Jenkins,OLB,259,28,6.2,9.3,8.9,4.9,381.8,84.9,31.8,6.1,5.0,5.6
478,43376,Nick Vigil,OLB,235,29,6.2,9.2,9.2,9.6,161.6,52.5,599.6,5.6,4.6,6.5
479,43377,Kyler Fackrell,OLB,245,30,6.4,9.2,9.3,8.8,507.8,437.1,134.1,6.7,6.4,5.3
480,43378,Javon Hargrave,DT,305,29,6.2,1.9,2.0,5.2,4.6,2.7,25.7,3.9,2.5,3.5
481,43379,C.J. Prosise,RB,225,28,6.1,9.4,10.4,10.3,121.1,160.1,393.0,5.4,5.5,7.1
482,43383,Nick Vannett,TE,261,29,6.5,6.9,9.1,6.8,35.6,141.0,56.5,3.1,5.0,2.6
483,43384,Graham Glasgow,G,310,30,6.5,3.0,6.1,2.3,10.9,15.8,6.7,2.0,2.5,1.8
484,43387,Justin Simmons,FS,202,28,6.2,9.3,7.5,7.4,71.5,67.6,35.3,5.3,4.2,3.7
485,43392,Sheldon Day,DT,294,28,6.1,5.1,4.2,2.6,19.6,15.8,17.6,3.4,2.8,2.8
486,43395,Eric Murray,FS,199,28,5.9,10.3,10.1,9.3,279.7,361.3,73.4,6.2,5.9,5.3
487,43396,Chris Moore,WR,200,29,6.1,10.6,10.8,10.2,826.0,753.5,686.6,7.8,7.7,7.2
488,43397,Ryan Smith,CB,190,29,5.9,10.6,10.8,10.8,626.2,832.0,840.7,8.1,7.1,6.8
489,43398,B.J. Goodson,ILB,242,29,6.1,8.8,9.1,6.0,286.8,307.7,40.6,5.0,5.4,4.0
490,43399,Tyler Higbee,TE,257,29,6.5,8.6,5.3,6.3,34.2,19.7,28.0,3.1,3.1,2.7
491,43400,Miles Killebrew,FS,222,29,6.2,10.2,10.2,9.9,818.3,846.9,778.6,8.3,7.7,7.2
492,43402,Nick Kwiatkoski,ILB,242,29,6.2,9.6,9.7,8.6,699.0,526.4,77.7,6.2,6.1,3.8
493,43404,De'Vondre Campbell,ILB,232,29,6.3,7.6,7.6,9.6,39.9,25.4,60.9,4.9,4.3,3.6
494,43405,Hassan Ridgeway,DT,305,28,6.2,3.1,8.4,5.2,21.0,38.1,24.0,3.1,3.2,3.1
495,43406,Pharoh Cooper,WR,207,27,5.9,9.8,10.1,9.8,189.7,448.6,196.9,6.0,6.6,5.8
496,43407,Juston Burris,SS,212,29,6.0,10.3,10.1,8.4,662.2,413.2,108.7,6.7,6.0,4.4
497,43408,Tyler Ervin,RB,185,29,5.8,8.8,9.9,8.2,218.6,143.3,129.3,6.2,5.4,6.1
498,43409,David Onyemata,DT,300,29,6.3,8.6,7.5,5.6,115.8,40.6,22.3,4.1,3.5,3.2
499,43413,Deon Bush,FS,200,29,6.0,10.5,10.1,10.2,667.1,631.1,609.4,7.1,7.2,6.3
500,43415,Demarcus Robinson,WR,203,28,6.1,10.8,10.3,11.2,401.3,220.9,149.7,6.2,5.6,5.9
501,43419,Alex Lewis,T,305,30,6.5,6.4,2.3,6.7,18.2,6.1,11.6,2.1,2.4,2.2
502,43420,Blake Martinez,ILB,237,28,6.2,7.7,7.6,5.6,29.6,61.1,15.7,3.2,3.6,3.4
503,43425,Devontae Booker,RB,219,30,5.9,9.4,9.9,9.6,307.5,419.9,148.5,6.5,6.7,5.6
504,43426,Dean Lowry,DE,296,28,6.5,5.0,4.6,3.9,36.7,32.6,32.7,3.1,3.3,3.1
505,43427,Seth DeValve,TE,245,29,6.2,9.8,9.3,9.0,517.7,331.6,551.6,6.4,6.3,6.2
506,43432,DeAndre Washington,RB,210,29,5.7,9.6,9.8,8.9,315.2,200.3,423.3,5.5,5.0,4.5
507,43433,Connor McGovern,C,306,29,6.3,3.0,6.6,2.3,8.3,8.9,5.3,2.0,1.8,2.3
508,43435,Matt Judon,OLB,261,30,6.2,9.3,9.4,7.9,159.3,80.5,26.7,6.3,5.3,4.5
509,43436,Quinton Jefferson,DT,291,29,6.3,5.4,5.0,5.3,27.6,23.5,27.1,2.8,2.4,2.8
510,43440,Joe Dahl,G,310,29,6.3,2.0,8.0,2.4,7.8,11.3,9.4,1.9,2.0,2.4
511,43441,Matt Ioannidis,DT,310,28,6.2,4.7,4.7,5.2,37.7,50.2,52.5,2.9,3.2,3.0
512,43442,Wendell Smallwood,RB,208,28,5.8,12.7,10.2,5.0,522.3,655.5,60.6,7.1,6.6,3.9
513,43444,Joe Haeg,T,298,29,6.5,2.5,5.1,2.9,13.5,19.2,13.7,2.2,2.0,2.1
514,43446,LeShaun Sims,CB,203,29,6.0,10.9,10.3,10.3,724.4,462.7,213.0,7.2,6.6,5.5
515,43447,Brandon Shell,T,324,30,6.4,2.3,2.0,3.7,8.2,6.4,8.1,2.2,1.9,1.7
516,43453,Halapoulivaati Vaitai,T,320,29,6.5,2.8,5.3,2.3,10.1,9.8,5.8,1.7,1.9,1.6
517,43454,Tyreek Hill,WR,185,28,5.8,10.3,8.0,10.2,132.8,51.2,29.7,5.2,5.4,4.7
518,43455,D.J. Reader,NT,347,28,6.2,5.8,5.9,2.8,21.0,22.7,17.8,3.0,2.6,2.8
519,43456,Marqui Christian,FS,207,28,5.9,10.0,10.0,9.2,751.3,676.4,437.7,6.8,6.4,5.0
520,43461,Rashard Higgins,WR,198,28,6.1,9.6,6.8,8.3,59.4,56.9,135.3,4.5,4.7,5.4
521,43465,Andy Janovich,FB,238,29,6.1,9.5,9.4,9.1,695.2,571.1,545.6,7.4,6.2,6.8
522,43472,Devante Bond,OLB,236,29,6.1,9.7,10.1,9.7,655.0,545.3,218.8,6.6,6.7,5.7
523,43474,DeAndre Houston-Carson,FS,202,29,6.0,9.7,11.1,12.0,762.9,771.7,769.3,6.8,8.2,7.7
524,43475,Jakeem Grant,WR,169,30,5.6,10.6,10.2,10.3,233.6,179.1,174.8,8.0,6.7,6.9
525,43478,Anthony Brown,CB,196,28,5.9,10.7,10.6,9.4,390.0,200.2,86.1,6.1,5.7,5.7
526,43484,Wes Schweitzer,G,314,29,6.4,2.3,3.2,3.8,9.2,9.1,7.1,1.7,1.9,1.9
527,43485,Blake Countess,SS,185,29,5.8,9.9,9.5,9.3,792.7,347.8,461.3,6.8,6.3,6.5
528,43487,Derek Watt,FB,234,30,6.2,9.7,9.5,9.3,573.7,625.0,671.3,6.4,6.4,6.6
529,43491,Anthony Zettel,DT,275,30,6.3,9.0,8.4,2.0,199.7,40.2,12.3,4.6,4.9,3.4
530,43495,Mike Thomas,WR,189,28,6.1,10.4,10.7,10.7,560.4,646.4,283.0,7.4,7.7,6.2
531,43497,Kamu Grugier-Hill,ILB,230,28,6.2,10.3,9.6,10.0,733.3,490.4,519.5,7.9,6.4,6.3
532,43501,Kavon Frazier,FS,220,28,6.0,10.0,10.2,10.1,615.6,526.8,779.9,6.7,6.5,7.1
533,43503,Elandon Roberts,ILB,238,28,6.0,9.6,9.6,7.6,304.9,331.1,44.2,6.1,5.7,3.6
534,43508,Will Parks,FS,194,28,6.1,9.9,9.6,10.9,355.9,200.1,397.7,6.8,5.1,6.1
535,43510,Ted Karras,C,305,29,6.3,1.6,2.8,4.9,8.7,9.5,9.0,1.8,1.6,1.8
536,43516,Stephen Weatherly,DE,265,28,6.4,9.4,9.2,5.3,198.7,284.4,35.5,4.8,4.8,2.9
537,43517,Riley Dixon,P,221,29,6.3,8.9,8.5,9.1,164.0,145.6,156.3,4.3,3.8,4.2
538,43522,Jalen Mills,SS,191,28,6.0,8.7,8.9,8.4,163.9,34.4,72.9,6.6,3.8,5.0
539,43525,Dwayne Washington,RB,223,28,6.1,9.9,10.3,10.4,488.5,707.3,715.9,6.7,6.4,6.6
540,43533,Jayron Kearse,FS,215,28,6.3,10.8,10.4,9.6,687.4,560.8,305.0,7.5,6.4,6.5
541,43534,Clayton Fejedelem,SS,205,29,6.0,10.0,10.2,10.0,803.6,771.8,824.0,7.1,6.6,7.1
542,43535,Tyler Matakevich,MLB,235,29,6.1,9.4,9.3,10.6,802.0,775.1,756.3,7.1,6.7,6.5
543,43537,Austin Blythe,C,300,30,6.2,7.9,3.3,4.4,19.2,10.4,17.4,2.4,2.0,2.3
544,43540,Joe Walker,ILB,236,29,6.2,9.6,9.6,9.7,956.5,637.1,722.0,7.0,7.2,6.8
545,43554,Chris Milton,CB,190,30,5.9,10.9,10.6,10.8,703.1,585.9,638.5,7.5,7.2,7.0
546,43586,George Fant,T,322,30,6.4,2.9,3.5,2.8,12.0,12.3,5.8,2.4,2.7,1.9
547,43606,Kameron Canaday,LS,245,30,6.3,7.9,8.3,8.5,143.7,189.1,179.5,3.9,4.0,4.6
548,43616,Matthias Farley,FS,209,30,5.9,10.1,10.3,10.0,596.6,623.6,635.4,7.4,7.1,7.0
549,43617,Reid Ferguson,LS,235,28,6.2,9.0,8.5,8.5,259.2,216.9,150.8,5.3,4.6,4.3
550,43637,Briean Boddy-Calhoun,FS,193,29,5.8,10.1,9.9,10.0,551.3,206.7,910.7,6.8,5.8,6.8
551,43640,Rashod Hill,T,313,30,6.5,3.1,2.7,2.6,12.8,11.0,8.5,2.3,2.0,1.9
552,43641,Mike Hilton,CB,184,28,5.8,9.9,9.5,9.0,193.6,174.3,248.3,5.1,5.6,6.2
553,43645,Jarrod Wilson,SS,210,28,6.2,10.4,9.9,9.2,727.9,371.0,165.5,7.4,6.3,5.5
554,43648,Justin Murray,T,315,29,6.4,2.0,5.6,3.7,6.3,12.6,12.4,3.0,2.1,2.1
555,43663,Alex Erickson,WR,195,30,6.0,10.5,10.0,10.2,307.8,119.2,154.4,7.2,5.6,6.0
556,43669,Alex Redmond,G,320,27,6.4,2.6,3.1,4.4,10.1,8.7,9.6,2.0,2.0,1.8
557,43680,Charles Washington,FS,192,29,5.8,10.5,10.4,10.6,780.1,727.0,723.9,7.9,6.8,7.3
558,43686,Trevon Coley,DT,310,28,6.1,6.2,3.0,9.5,24.0,17.7,27.0,2.8,2.9,8.1
559,43689,Wil Lutz,K,184,28,5.9,8.4,7.2,8.0,252.7,195.3,186.8,6.6,7.0,5.5
560,43693,Patrick Onwuasor,MLB,227,30,6.0,9.9,8.8,9.3,463.7,200.2,338.4,7.0,5.5,5.6
561,43695,Matt Skura,C,313,29,6.2,7.3,5.0,4.9,18.6,14.0,12.4,2.4,1.8,2.2
562,43700,Jonathan Jones,CB,190,29,5.8,10.8,10.6,10.1,615.7,467.0,307.8,7.6,7.0,6.7
563,43701,Cre'von LeBlanc,CB,190,28,5.8,9.8,9.8,9.8,426.0,176.3,148.8,7.0,6.0,5.6
564,43712,Sharrod Neasman,CB,198,31,6.0,10.2,10.2,10.4,602.5,715.5,562.7,6.7,6.9,6.8
565,43716,Brian Poole,CB,211,30,5.8,9.6,8.7,7.5,264.8,156.8,141.2,5.9,5.8,5.5
566,43722,J.D. McKissic,RB,195,29,5.8,10.3,10.0,8.2,551.8,175.9,116.8,7.0,5.5,4.8
567,43747,James Burgess,OLB,230,28,6.0,9.5,7.6,9.1,407.7,51.3,511.3,5.8,3.8,6.9
568,43757,Andrew Adams,SS,202,30,5.9,9.7,10.2,10.0,455.1,348.8,668.5,5.9,6.1,6.4
569,43775,Romeo Okwara,DE,263,27,6.3,6.8,7.3,8.7,35.8,40.5,124.9,4.6,4.2,4.2
570,43787,Roy Robertson-Harris,DT,294,29,6.4,7.3,6.8,5.6,62.8,51.5,54.2,4.0,3.8,3.7
571,43797,Cory Littleton,OLB,228,28,6.2,9.8,9.4,9.7,216.2,116.3,254.4,5.8,5.6,6.2
572,43817,Doug Middleton,FS,210,29,6.0,10.1,10.3,10.2,530.6,508.5,780.2,6.9,6.3,7.0
573,43846,Ka'imi Fairbairn,K,183,28,6.0,6.8,9.3,8.9,230.5,204.0,189.5,4.6,5.4,4.6
574,43854,Brennan Scarlett,OLB,263,29,6.3,9.6,9.9,8.9,643.5,302.3,314.3,7.0,6.0,5.7
575,43873,Luke Rhodes,LS,238,29,6.2,9.8,9.3,9.3,183.9,196.3,166.6,5.0,5.1,4.9
576,43880,Elijhaa Penny,FB,234,29,6.2,9.2,9.5,9.3,300.1,577.8,683.1,5.6,7.1,7.1
577,43937,Aldrick Rosas,K,221,27,6.2,7.7,9.2,7.0,210.9,163.0,123.7,5.0,4.8,5.2
578,43938,Antwaun Woods,DT,318,29,6.1,5.2,6.1,5.3,19.4,21.2,15.6,2.9,2.8,2.4
579,43942,Ken Crawley,CB,180,29,6.1,8.9,10.2,10.2,83.8,494.6,393.1,6.0,5.6,6.2
580,43969,Trevor Williams,CB,191,29,5.9,10.0,9.0,9.5,227.5,386.7,304.4,6.7,5.5,7.0
581,43971,C.J. Ham,FB,235,29,5.9,11.6,9.5,9.1,717.9,554.4,483.5,7.1,6.1,6.0
582,43986,Antonio Hamilton,CB,190,29,6.0,10.5,10.5,10.6,845.4,860.7,744.1,7.5,7.0,7.3
583,43987,Tony McRae,CB,185,29,5.8,10.8,10.7,10.7,582.5,606.7,634.8,8.2,7.0,7.2
584,43988,Johnny Holton,WR,190,31,6.2,10.0,10.6,9.5,373.4,808.3,479.1,7.2,7.3,5.2
585,44003,Marcus Johnson,WR,207,28,6.1,10.2,10.0,10.0,387.0,98.2,155.9,6.3,4.9,6.2
586,44029,Jaydon Mickens,WR,170,28,5.9,10.4,8.8,10.1,464.5,379.3,355.7,6.7,7.8,6.5
587,44045,Jalen Richard,RB,207,29,5.7,10.1,8.9,9.9,180.1,146.5,113.0,5.4,6.5,5.6
588,44062,Zach Wood,LS,255,29,6.2,8.9,8.6,8.6,128.4,167.6,161.3,4.2,4.4,4.0
589,44068,Lucas Patrick,G,313,29,6.2,8.4,2.7,3.0,91.4,9.4,9.6,3.8,1.7,1.8
590,44074,Marvin Hall,WR,190,29,5.8,11.3,8.0,10.4,461.7,157.3,192.1,8.1,6.7,5.4
591,44123,Brandon Zylstra,WR,215,29,6.2,10.6,9.7,10.3,725.0,334.8,567.8,7.4,6.1,7.0
592,44240,Sam Ficken,K,192,29,6.1,6.3,8.2,7.8,248.1,182.5,131.8,3.6,5.4,5.3
593,44792,Mo Alie-Cox,TE,267,29,6.4,7.8,8.6,8.9,88.4,66.0,55.9,4.0,4.0,2.8
594,44813,Myles Garrett,DE,272,26,6.3,5.8,8.5,4.4,32.4,28.5,20.9,3.5,3.1,2.6
595,44815,Solomon Thomas,DE,280,27,6.2,7.0,8.6,3.6,32.2,29.0,32.4,3.1,3.2,3.2
596,44818,Jamal Adams,SS,213,27,6.1,9.1,7.4,8.1,99.0,51.5,43.5,4.5,4.2,3.4
597,44823,Marshon Lattimore,CB,192,26,6.0,9.4,10.4,9.6,48.2,54.2,52.4,6.6,4.6,4.9
598,44825,Haason Reddick,OLB,235,28,6.1,9.2,8.7,9.3,363.2,173.6,117.4,6.1,5.7,5.4
599,44826,Derek Barnett,DE,259,26,6.2,4.3,8.2,5.7,24.8,38.5,50.1,3.4,3.4,3.5
600,44828,Marlon Humphrey,CB,197,26,6.0,10.4,10.3,10.1,214.0,82.0,42.2,6.4,5.6,5.7
601,44831,O.J. Howard,TE,250,27,6.5,3.5,9.2,4.3,15.7,27.4,24.3,2.5,2.9,3.3
602,44832,Garett Bolles,T,300,30,6.4,3.3,3.1,7.2,8.5,8.5,12.9,1.9,1.8,2.1
603,44833,Jarrad Davis,MLB,245,27,6.1,7.4,6.2,9.3,55.6,31.7,251.0,5.3,4.7,6.4
604,44834,Charles Harris,OLB,250,27,6.2,8.3,8.2,8.9,130.5,44.5,173.4,4.8,3.7,4.8
605,44835,Evan Engram,TE,240,28,6.2,8.4,7.8,8.6,22.2,21.7,21.3,3.4,4.2,2.6
606,44837,Jabrill Peppers,SS,213,27,5.9,10.1,9.5,9.2,438.1,87.3,150.5,7.1,5.0,4.9
607,44838,Takkarist McKinley,DE,265,27,6.2,5.4,1.5,2.9,20.4,4.9,17.6,3.9,3.3,2.0
608,44839,Tre'Davious White,CB,192,27,5.9,9.4,9.8,9.2,120.8,123.6,57.9,5.9,5.8,5.5
609,44842,T.J. Watt,OLB,252,28,6.3,6.7,3.6,5.8,24.3,20.9,21.2,4.9,3.8,4.1
610,44844,Ryan Ramczyk,T,314,28,6.5,2.0,3.0,3.3,11.0,10.6,10.8,2.0,2.0,2.0
611,44845,Kevin King,CB,200,27,6.2,9.8,9.9,9.8,366.9,66.5,47.1,7.1,5.1,4.6
612,44846,Cam Robinson,T,320,27,6.5,3.7,4.2,3.0,27.6,12.6,11.9,3.0,2.0,2.1
613,44848,Budda Baker,SS,195,26,5.8,9.9,7.9,8.8,144.7,64.4,42.0,5.3,4.8,3.0
614,44851,Marcus Maye,FS,207,29,6.0,9.5,9.6,6.4,239.3,270.4,51.2,5.7,5.6,5.3
615,44852,Curtis Samuel,WR,195,26,5.9,10.6,7.4,6.1,489.7,16.1,12.6,6.6,5.8,5.0
616,44854,Marcus Williams,FS,195,26,6.1,10.5,8.9,7.5,251.2,100.6,28.2,5.3,5.0,4.4
617,44855,Sidney Jones,CB,181,26,6.0,9.8,9.5,9.2,213.7,298.8,177.2,6.4,7.0,5.8
618,44856,Gerald Everett,TE,240,28,6.2,8.8,7.8,4.5,63.9,34.0,41.8,5.4,3.5,4.1
619,44857,Adam Shaheen,TE,257,28,6.5,3.9,7.7,2.7,8.3,102.1,8.2,4.7,4.7,2.3
620,44858,Quincy Wilson,CB,193,26,6.2,9.9,9.3,9.4,264.6,176.3,176.9,5.6,4.9,6.3
621,44859,Tyus Bowser,OLB,240,27,6.2,9.6,9.2,9.6,714.7,559.7,277.1,7.6,6.5,5.8
622,44861,Ryan Anderson,DE,253,28,6.2,9.6,10.0,9.1,362.4,329.9,373.9,5.9,6.3,5.2
623,44863,DeMarcus Walker,DE,280,28,6.3,1.8,5.7,8.1,13.8,65.3,45.1,2.7,3.4,3.4
624,44866,Raekwon McMillan,ILB,242,26,6.2,6.3,9.3,9.5,24.4,259.8,602.1,5.2,5.7,6.2
625,44867,Dalvin Tomlinson,NT,318,28,6.2,6.3,5.0,3.8,50.2,52.9,26.6,3.7,3.5,2.9
626,44869,Zach Cunningham,ILB,238,27,6.2,9.8,9.8,9.5,210.7,198.5,138.8,5.6,5.7,5.1
627,44870,Ethan Pocic,C,320,27,6.5,5.6,2.0,2.6,11.2,7.5,9.4,2.3,1.7,1.6
628,44871,Tanoh Kpassagnon,DE,289,28,6.6,9.0,8.9,9.0,155.9,81.9,74.1,3.9,3.8,3.5
629,44872,Chidobe Awuzie,CB,202,27,6.0,10.3,9.8,9.8,173.7,116.3,222.7,7.3,5.4,5.3
630,44873,Josh Jones,SS,220,28,6.2,10.0,10.0,9.7,459.9,435.0,107.1,6.7,6.5,5.3
631,44874,JuJu Smith-Schuster,WR,215,25,6.1,6.6,6.4,7.4,35.7,42.5,32.8,4.2,4.7,3.6
632,44875,Dion Dawkins,T,320,28,6.4,6.6,7.1,7.1,15.7,15.6,17.5,1.9,2.1,1.9
633,44876,Taylor Moton,T,325,28,6.4,4.2,3.3,5.5,11.2,11.0,13.7,1.8,1.6,2.1
634,44877,Larry Ogunjobi,DT,305,28,6.2,4.2,7.4,4.0,26.6,26.7,20.7,2.7,2.5,2.5
635,44878,Ahkello Witherspoon,CB,195,27,6.2,10.0,9.3,9.8,277.2,257.5,407.4,5.6,5.1,5.2
636,44879,Alvin Kamara,RB,215,27,5.8,9.6,8.4,9.0,65.0,38.2,30.3,4.8,4.1,3.5
637,44880,Dawuane Smoot,DE,264,27,6.2,9.2,6.9,5.4,147.1,47.3,35.5,4.7,4.0,3.4
638,44881,Cooper Kupp,WR,208,29,6.2,7.5,6.8,8.6,34.0,16.5,50.2,4.0,3.4,4.6
639,44882,Pat Elflein,G,303,28,6.2,3.7,2.9,2.8,16.5,12.3,11.2,2.1,1.9,1.6
640,44883,Dan Feeney,G,310,28,6.3,5.7,2.7,1.8,10.6,7.3,8.6,1.7,1.7,1.4
641,44885,Jordan Willis,DE,270,27,6.3,5.4,6.2,9.0,31.3,76.8,82.0,3.2,4.1,4.2
642,44886,Chris Wormley,DE,300,29,6.4,6.8,5.2,2.1,33.0,42.0,9.5,3.2,3.6,1.9
643,44887,Duke Riley,OLB,230,28,6.1,9.4,10.2,15.1,460.4,754.6,697.5,5.7,7.3,8.5
644,44888,Alex Anzalone,ILB,240,28,6.2,9.9,8.6,9.8,225.9,151.7,301.4,5.7,6.1,6.1
645,44892,Tarell Basham,OLB,266,28,6.3,9.8,9.5,9.0,380.3,553.9,314.6,7.5,5.9,5.9
646,44893,Fabian Moreau,CB,204,28,6.0,9.8,8.9,10.4,218.8,161.1,315.0,5.1,4.5,6.2
647,44902,Shaquill Griffin,CB,198,27,6.0,10.0,10.0,10.1,64.9,54.9,55.8,6.4,5.7,5.1
648,44903,John Johnson,FS,209,26,6.0,8.4,8.3,8.7,203.5,121.2,56.1,4.8,4.3,4.5
649,44905,Montravius Adams,DE,304,27,6.3,4.5,4.6,4.2,26.5,24.1,29.0,3.1,3.3,3.4
650,44906,Cameron Sutton,CB,188,27,5.9,10.1,9.8,9.6,592.5,404.3,461.9,6.8,6.0,6.1
651,44907,Delano Hill,SS,216,26,6.1,10.3,10.0,9.7,622.9,484.2,685.2,6.8,6.0,6.1
652,44908,Kenny Golladay,WR,213,29,6.3,3.9,6.6,4.8,8.4,13.3,7.9,3.1,4.1,4.6
653,44911,Rasul Douglas,CB,209,27,6.2,10.2,10.0,9.6,351.8,529.3,123.3,5.6,6.2,6.9
654,44912,Jonnu Smith,TE,248,27,6.2,8.5,8.2,7.0,124.1,76.8,36.9,4.7,4.2,4.7
655,44915,Trey Hendrickson,DE,270,27,6.3,9.0,9.6,5.5,94.2,154.2,33.9,4.7,4.6,3.3
656,44922,Jaleel Johnson,DT,316,28,6.2,6.2,5.8,5.0,18.8,19.0,24.3,2.7,2.8,2.6
657,44923,Dede Westbrook,WR,176,28,6.0,10.7,10.2,8.3,152.6,104.5,183.7,6.6,6.0,8.3
658,44924,Tedric Thompson,FS,204,27,6.0,9.8,9.1,9.6,384.9,187.2,253.7,6.8,6.2,5.5
659,44925,Eddie Jackson,SS,202,28,6.0,9.8,7.6,7.8,111.9,37.0,35.0,5.2,3.3,3.8
660,44926,Rayshawn Jenkins,SS,220,28,6.1,10.1,10.0,9.9,721.5,216.8,110.3,7.1,6.6,5.2
661,44927,Samaje Perine,RB,240,27,5.9,9.7,10.3,10.0,411.6,572.9,673.7,5.7,6.6,6.6
662,44929,Carl Lawson,DE,265,27,6.2,3.2,4.9,5.2,21.7,30.0,18.3,3.7,3.4,2.8
663,44930,Josh Reynolds,WR,196,27,6.2,10.2,9.9,9.8,463.2,219.1,48.3,6.2,6.1,4.8
664,44932,Tarik Cohen,RB,191,27,5.5,9.9,10.5,7.0,160.8,126.9,71.4,6.6,6.1,4.6
665,44937,Jalen Reeves-Maybin,OLB,233,27,6.0,9.5,9.7,9.7,719.1,709.5,735.1,6.4,7.0,6.9
666,44938,Samson Ebukam,OLB,245,27,6.2,9.3,9.6,9.8,153.5,208.9,425.6,5.5,5.9,6.1
667,44942,David Sharpe,T,330,27,6.5,3.3,3.3,3.0,12.1,13.0,9.0,2.0,2.1,1.9
668,44943,Julien Davenport,T,325,27,6.6,2.7,2.5,3.8,11.4,10.4,10.9,1.9,1.8,1.7
669,44944,Deatrich Wise,DE,275,28,6.4,4.6,3.2,7.1,31.6,19.4,27.9,3.4,3.6,2.9
670,44947,Jamaal Williams,RB,213,27,6.0,9.8,9.9,9.2,129.3,282.4,229.7,5.2,5.8,5.6
671,44951,Ryan Glasgow,DT,302,29,6.2,2.7,4.8,5.3,32.4,35.9,31.3,3.4,2.8,2.5
672,44955,Carlos Watkins,DE,297,28,6.2,5.7,6.4,5.3,69.4,51.2,29.5,4.2,3.4,3.2
673,44957,Grover Stewart,NT,315,29,6.3,7.9,6.7,7.8,56.5,57.2,50.9,3.5,3.4,3.5
674,44959,George Kittle,TE,250,29,6.3,6.8,7.3,7.0,32.0,29.6,36.6,5.1,3.1,2.2
675,44962,Damontae Kazee,SS,190,29,5.9,9.9,9.8,9.3,92.7,244.0,202.3,5.9,5.8,5.3
676,44964,Desmond King,CB,201,27,5.8,9.6,9.7,9.3,292.9,280.3,236.6,6.3,6.4,5.9
677,44965,Corn Elder,CB,185,28,5.8,10.3,10.2,9.8,610.7,284.5,390.7,6.5,6.7,6.0
678,44966,Jake Elliott,K,167,27,5.8,6.9,8.4,7.3,200.0,198.4,167.4,4.8,5.5,4.7
679,44967,Jeremy Sprinkle,TE,255,28,6.4,10.0,9.6,9.8,401.0,331.0,317.8,6.2,6.1,6.3
680,44968,Jayon Brown,ILB,226,27,6.0,9.7,8.6,8.7,178.2,45.3,149.2,5.5,4.4,4.7
681,44969,Brian Hill,RB,219,27,6.1,10.3,10.4,10.6,396.8,527.3,344.1,6.8,7.1,6.1
682,44971,Nate Hairston,CB,185,28,6.0,10.1,10.3,10.0,365.7,272.1,379.5,6.7,5.7,6.1
683,44972,Jermaine Eluemunor,T,335,27,6.3,4.9,4.0,2.5,13.8,8.7,10.8,1.8,2.1,1.5
684,44973,Roderick Johnson,T,306,26,6.5,1.9,5.8,2.6,7.3,11.7,8.6,2.1,2.2,1.7
685,44974,Anthony Walker,MLB,230,27,6.1,9.6,9.4,9.6,213.6,243.1,282.2,5.1,5.6,5.6
686,44976,Matt Milano,OLB,223,28,6.0,9.1,9.2,9.5,312.5,226.0,70.0,5.6,6.0,5.0
687,44978,Jamal Agnew,WR,190,27,5.8,10.2,9.9,10.7,386.7,425.4,474.7,6.9,6.8,7.2
688,44985,Isaiah McKenzie,WR,173,27,5.7,9.0,10.6,9.3,165.8,131.7,181.9,6.3,4.7,4.4
689,44987,Eric Saubert,TE,253,28,6.4,9.8,9.6,9.8,700.8,335.6,640.9,7.3,6.6,6.4
690,44991,Davon Godchaux,NT,311,27,6.2,4.4,3.9,3.8,22.8,22.7,31.2,2.9,2.3,2.9
691,44997,Nathan Gerry,OLB,230,27,6.2,12.4,9.9,9.0,758.2,615.2,162.3,7.7,6.8,5.1
692,44999,Chuck Clark,SS,205,27,6.0,9.7,9.9,9.6,816.7,489.4,124.5,7.1,6.1,5.1
693,45003,Sam Tevi,T,315,27,6.4,6.5,3.4,2.4,15.2,10.8,10.9,2.4,2.3,1.8
694,45004,Xavier Woods,FS,202,27,5.9,8.3,8.1,8.1,28.5,164.0,84.3,5.2,5.1,4.7
695,45005,Alex Armah,FB,255,28,6.2,9.6,9.7,9.8,538.1,560.3,422.5,6.2,6.1,6.0
696,45006,Jordan Evans,OLB,242,27,6.2,10.0,10.2,10.6,346.3,737.0,741.8,6.1,6.5,6.8
697,45007,Vincent Taylor,DT,311,28,6.2,5.9,2.3,5.2,34.4,18.7,13.5,4.1,4.3,2.4
698,45008,Tanner Vallejo,ILB,228,27,6.1,10.8,9.7,9.9,849.2,620.6,705.4,7.4,7.0,7.5
699,45009,Al-Quadin Muhammad,DE,250,27,6.3,9.8,9.4,9.2,183.8,183.8,33.2,4.9,4.4,3.2
700,45011,D.J. Jones,DT,321,27,6.0,6.8,7.4,5.1,38.6,37.0,20.6,2.8,2.7,2.6
701,45020,Brandon Wilson,FS,200,28,5.8,10.7,10.8,11.0,767.8,696.3,718.0,7.6,7.3,7.3
702,45021,Rudy Ford,SS,204,28,6.0,10.8,10.8,10.9,904.2,804.7,711.6,7.8,7.5,7.0
703,45024,Conor McDermott,T,305,30,6.7,5.1,2.0,6.8,43.8,9.0,12.5,3.4,1.8,2.0
704,45026,Colin Holba,LS,248,28,6.3,7.8,7.8,7.7,154.3,165.0,194.1,4.4,4.0,4.2
705,45037,Zane Gonzalez,K,202,27,6.0,5.8,8.2,6.1,155.6,196.5,196.2,4.5,4.8,4.5
706,45038,Isaac Rochell,DE,280,27,6.3,9.4,8.7,8.7,202.7,280.4,251.3,4.7,4.5,4.6
707,45039,David Moore,WR,215,27,6.0,10.4,10.0,8.7,107.4,183.4,137.6,6.3,5.4,5.8
708,45042,Adrian Colbert,FS,205,29,6.2,10.4,10.2,10.3,290.2,288.4,392.6,5.6,6.1,7.8
709,45045,Elijah Lee,OLB,229,26,6.2,10.2,9.4,9.8,639.7,702.8,689.0,7.0,6.9,7.2
710,45046,Harrison Butker,K,205,27,6.3,7.4,8.6,8.5,271.3,211.1,178.3,5.4,5.4,5.5
711,45064,Mason Schreck,TE,252,29,6.4,9.5,8.5,9.3,636.6,586.6,311.7,6.6,5.8,5.2
712,45070,Deante Burton,CB,205,28,6.2,10.0,10.3,10.0,414.7,406.8,458.3,6.6,6.6,6.3
713,45094,Johnny Mundt,TE,232,27,6.3,9.4,9.8,9.6,242.5,241.0,525.7,5.3,5.5,6.4
714,45102,Zach Pascal,WR,214,27,6.2,10.4,10.2,10.2,437.1,347.3,186.2,7.2,6.4,6.1
715,45142,Darrell Daniels,TE,256,27,6.2,9.4,9.6,9.5,294.1,764.4,235.2,4.9,6.4,5.5
716,45144,Thomas Hennessy,LS,246,28,6.2,9.3,9.0,8.9,254.0,280.5,251.2,5.4,5.2,4.8
717,45150,JoJo Natson,WR,153,28,5.6,10.2,10.0,8.9,163.9,196.3,145.5,6.7,6.8,5.7
718,45153,Rigoberto Sanchez,P,195,28,6.0,8.1,8.1,7.0,253.5,240.1,270.6,4.0,3.9,4.6
719,45185,Kendrick Bourne,WR,203,27,6.1,9.3,9.6,9.9,222.3,309.3,48.4,5.8,7.1,4.3
720,45186,Matt Breida,RB,190,27,5.8,9.8,10.2,10.4,246.0,231.8,335.0,5.6,5.7,5.6
721,45196,Erik Magnuson,C,300,28,6.5,3.2,2.3,2.1,6.0,14.4,10.9,3.1,3.2,2.1
722,45215,Eric Wilson,OLB,230,28,6.1,10.3,10.4,9.2,683.2,637.4,79.7,7.3,7.0,5.5
723,45223,Hardy Nickerson,ILB,235,28,6.0,9.4,9.6,9.7,642.7,916.8,564.1,6.4,6.7,6.2
724,45244,Taysom Hill,QB,221,32,6.2,10.8,10.4,10.3,729.2,573.9,322.0,7.8,6.1,6.6
725,45267,Tim Patrick,WR,212,28,6.3,10.3,9.9,9.0,568.3,118.0,113.7,6.7,4.7,4.4
726,45268,Patrick Ricard,FB,311,28,6.2,8.8,6.8,9.1,156.7,64.9,107.7,4.9,4.7,5.1
727,45274,Adam Butler,DT,300,28,6.4,7.2,7.4,4.4,86.2,80.8,43.6,4.4,4.0,3.5
728,45275,Austin Carr,WR,195,28,6.1,4.6,4.6,9.0,16.5,32.4,115.0,3.7,2.9,4.4
729,45281,Jacob Hollister,TE,245,28,6.3,9.8,9.7,9.8,484.6,404.8,517.1,7.0,6.5,6.2
730,45287,Kenny Moore,CB,190,27,5.8,10.0,10.2,10.1,258.2,191.1,142.5,6.1,5.9,5.4
731,45296,Matt Haack,P,205,28,6.0,7.1,7.9,8.9,167.5,138.0,132.8,4.2,4.4,3.7
732,45305,Bryan Cox,DE,270,28,6.2,9.8,8.6,7.5,237.4,42.3,72.5,5.3,3.6,4.1
733,45321,Antony Auclair,TE,256,29,6.5,9.0,8.9,7.5,277.3,356.6,139.8,5.9,5.6,4.7
734,45335,Breon Borders,CB,189,27,6.0,9.7,10.4,9.9,559.8,585.0,121.9,7.4,7.0,7.4
735,45345,Nicholas Morrow,OLB,225,27,6.0,9.8,9.4,10.0,748.6,385.8,299.1,7.0,5.9,5.7
736,45352,Austin Calitro,ILB,240,28,6.0,9.7,9.8,9.7,553.2,628.5,742.8,6.4,6.5,6.9
737,45355,Anthony Firkser,TE,246,27,6.2,9.3,9.5,9.3,303.3,261.6,192.1,6.7,6.4,5.2
738,45362,Gehrig Dieter,WR,207,29,6.2,10.0,10.3,10.1,565.8,274.8,590.6,6.4,6.6,6.5
739,45382,Ben Braden,G,329,28,6.5,1.5,3.0,2.5,7.9,13.5,7.9,1.9,5.7,2.1
740,45395,Arthur Maulet,CB,190,29,5.8,10.6,10.4,10.2,360.5,379.4,394.6,6.1,6.4,8.1
741,45478,Ryan Lewis,CB,185,28,6.0,10.6,11.0,9.7,482.2,522.7,162.0,7.0,7.8,5.5
742,45481,Ricky Seals-Jones,TE,243,27,6.4,6.6,8.4,8.6,117.4,109.3,155.0,3.9,5.5,4.1
743,45509,Isaiah Irving,OLB,254,28,6.2,9.4,9.1,8.9,582.0,377.8,284.3,6.0,5.7,4.2
744,45516,B.J. Bello,MLB,229,28,6.2,9.7,9.8,10.2,690.1,564.8,613.0,7.0,6.4,6.8
745,45533,Joseph Jones,ILB,231,28,6.0,10.3,10.2,10.3,816.4,788.7,780.6,7.4,7.3,6.6
746,45550,Elijah Wilkinson,T,329,27,6.5,1.7,3.9,5.7,7.7,11.1,14.0,1.4,2.2,2.0
747,45555,Keelan Cole,WR,194,29,6.1,10.2,10.5,9.8,321.0,188.5,189.0,6.4,6.1,6.4
748,45571,Michael Davis,CB,196,27,6.2,11.0,9.8,10.6,407.1,49.3,122.2,6.2,4.4,4.0
749,45599,Corey Clement,RB,220,28,5.8,9.8,9.8,9.8,426.6,573.5,636.2,7.0,7.4,6.5
750,45603,Cameron Johnston,P,194,30,5.9,8.9,9.4,9.0,163.5,158.2,166.7,5.0,4.6,5.0
751,45635,Robert Tonyan,TE,237,28,6.4,9.8,10.1,9.0,497.9,463.5,121.8,6.9,6.1,4.7
752,45643,Dylan Cole,ILB,237,28,6.0,9.5,9.8,9.9,803.9,691.5,719.6,6.9,6.7,6.1
753,45648,Justin Hardee,CB,200,28,6.1,12.9,10.8,10.8,766.1,844.8,776.9,7.6,7.5,7.0
754,45657,Dee Virgin,CB,195,29,5.8,10.5,10.4,10.2,776.8,887.4,526.5,7.1,7.6,7.1
755,45695,Andrew Wylie,T,309,28,6.5,2.7,4.7,2.6,19.3,17.4,13.9,3.5,3.2,2.3
756,45702,Trey Edmunds,RB,223,27,6.2,9.4,9.6,9.8,415.2,792.5,292.6,5.7,6.5,5.8
757,45719,Dare Ogunbowale,RB,205,28,5.8,9.5,10.3,10.1,702.7,678.6,521.5,7.0,6.6,6.3
758,45785,Dan Arnold,TE,220,27,6.5,8.2,9.8,9.6,33.7,214.2,177.9,4.3,5.9,5.7
759,45900,River Cracraft,WR,200,28,6.0,10.0,9.8,10.2,458.7,423.8,545.9,7.0,5.8,6.5
760,46073,Denzel Ward,CB,191,25,5.9,8.6,9.1,6.7,68.9,57.0,59.9,6.5,6.3,5.9
761,46075,Quenton Nelson,G,330,26,6.4,2.2,3.8,2.8,9.3,9.9,10.7,1.9,1.9,1.8
762,46077,Roquan Smith,ILB,230,25,6.0,6.2,8.9,5.4,38.7,91.6,27.7,4.4,4.2,2.6
763,46078,Mike McGlinchey,T,315,27,6.7,2.7,5.4,3.2,11.1,15.7,13.2,2.6,3.1,3.1
764,46080,Minkah Fitzpatrick,SS,207,25,6.1,10.1,10.0,9.0,213.7,86.1,33.6,6.1,5.4,4.6
765,46081,Vita Vea,NT,347,27,6.3,6.4,5.7,5.1,30.3,33.2,41.9,3.5,2.9,2.8
766,46082,Daron Payne,DT,320,25,6.2,5.6,4.7,6.5,23.4,28.4,59.8,4.0,4.2,3.2
767,46083,Marcus Davenport,DE,265,26,6.5,5.4,5.6,5.0,39.3,32.7,21.5,3.5,3.7,2.9
768,46084,Kolton Miller,T,325,27,6.7,3.2,3.0,2.7,11.7,10.4,11.9,2.0,1.8,1.7
769,46085,Tremaine Edmunds,MLB,250,24,6.4,7.4,7.6,7.8,53.0,43.6,44.0,3.6,4.0,3.9
770,46087,Jaire Alexander,CB,196,25,5.8,10.3,10.4,10.0,199.3,74.8,51.3,5.9,5.1,4.1
771,46088,Leighton Vander Esch,OLB,256,26,6.3,8.9,6.9,8.1,179.8,52.7,20.5,5.7,4.5,2.5
772,46089,Frank Ragnow,C,311,26,6.4,4.6,8.1,3.0,14.3,14.1,9.2,2.5,2.7,2.2
773,46090,Billy Price,C,312,28,6.3,1.9,2.2,5.3,8.8,8.5,13.0,1.7,1.8,2.0
774,46093,D.J. Moore,WR,215,25,5.9,10.2,9.8,5.9,243.9,67.7,10.9,5.4,4.5,3.4
775,46094,Hayden Hurst,TE,245,29,6.3,8.4,9.1,6.9,79.8,75.4,26.9,4.3,3.7,3.0
776,46097,Terrell Edmunds,SS,217,25,6.1,10.5,9.7,9.4,477.5,38.8,17.7,6.3,4.1,2.6
777,46098,Taven Bryan,DT,291,26,6.3,8.4,4.2,2.3,55.8,7.3,26.9,4.6,3.7,3.4
778,46099,Mike Hughes,CB,191,25,5.8,10.3,10.4,10.5,405.7,269.9,79.4,6.7,5.5,5.6
779,46100,Sony Michel,RB,215,27,5.9,9.0,7.3,8.5,101.7,45.4,148.1,5.4,3.8,5.4
780,46102,Austin Corbett,G,305,27,6.3,2.1,2.8,5.7,10.4,8.0,9.9,1.8,1.8,2.0
781,46103,Will Hernandez,G,327,27,6.2,2.8,6.2,4.4,10.8,8.4,7.6,2.0,1.9,1.6
782,46105,Darius Leonard,MLB,230,27,6.2,9.2,4.6,4.4,28.3,17.0,16.9,4.6,2.7,3.1
783,46106,Braden Smith,T,315,26,6.5,2.5,4.2,3.3,6.8,10.4,12.0,2.3,1.7,2.4
784,46108,James Daniels,G,305,25,6.2,2.4,3.4,2.0,10.9,9.2,9.5,2.1,2.0,1.7
785,46110,Harold Landry,OLB,250,26,6.2,9.7,6.5,5.4,440.6,58.1,63.0,6.1,5.0,4.3
786,46111,Mike Gesicki,TE,252,27,6.5,6.1,7.5,6.9,78.0,24.2,27.2,6.6,3.4,2.8
787,46113,Dante Pettis,WR,195,27,6.1,9.8,7.5,9.9,66.9,28.2,66.5,5.0,3.7,4.8
788,46114,Josh Jackson,CB,196,26,6.0,10.3,10.4,10.2,460.5,613.8,401.5,7.2,6.6,6.2
789,46116,Christian Kirk,WR,200,25,5.9,9.7,11.2,9.7,113.7,97.4,116.6,5.7,6.7,5.9
790,46117,Uchenna Nwosu,DE,251,25,6.2,9.5,9.4,9.5,584.3,550.8,465.5,6.3,5.8,5.5
791,46118,Dallas Goedert,TE,256,27,6.4,9.8,9.7,9.0,275.3,232.0,73.1,5.9,5.4,3.5
792,46119,Connor Williams,G,298,25,6.4,2.5,4.9,3.6,12.8,12.4,16.3,1.9,2.0,2.2
793,46120,Anthony Miller,WR,199,28,5.9,10.0,10.2,9.0,113.8,206.3,52.9,4.9,5.5,4.6
794,46121,Kemoko Turay,DE,248,27,6.4,8.9,2.9,7.7,57.9,13.0,33.9,4.8,2.7,3.6
795,46122,M.J. Stewart,CB,205,27,5.9,10.6,10.0,15.4,496.0,359.6,619.8,6.3,6.2,8.3
796,46123,Jessie Bates,FS,200,25,6.1,8.4,9.1,9.7,38.9,53.1,145.5,4.5,4.2,4.4
797,46124,Donte Jackson,CB,180,27,5.8,10.5,10.1,9.9,197.8,119.2,74.1,7.2,6.6,5.4
798,46126,P.J. Hall,DT,305,27,6.0,4.6,3.9,4.9,27.8,19.8,29.9,3.0,2.4,2.9
799,46127,Isaiah Oliver,CB,210,26,6.0,9.9,10.4,10.4,404.9,169.3,124.2,5.9,6.0,5.0
800,46129,James Washington,WR,213,26,5.9,9.9,6.8,8.4,143.4,64.0,31.8,5.0,4.0,3.4
801,46131,Brian O'Neill,T,297,27,6.6,3.5,3.6,3.1,17.9,13.4,9.4,2.3,1.9,1.8
802,46132,Carlton Davis,CB,206,25,6.1,10.3,10.0,9.6,72.9,182.9,181.2,5.2,4.5,4.6
803,46133,Tyquan Lewis,DE,277,27,6.2,5.2,2.8,6.5,18.9,11.5,33.4,3.5,2.0,3.3
804,46134,Brandon Parker,T,320,27,6.7,2.4,3.6,3.6,7.9,10.8,16.8,1.6,2.5,2.2
805,46135,Lorenzo Carter,OLB,250,26,6.4,9.9,9.5,9.3,624.4,68.2,227.0,6.9,4.9,6.0
806,46137,Justin Reid,SS,204,25,6.1,9.8,9.6,9.2,438.8,106.5,74.0,6.6,5.1,5.0
807,46138,B.J. Hill,DT,311,27,6.2,7.0,5.3,6.3,48.8,46.8,16.9,3.3,3.1,3.0
808,46139,Fred Warner,MLB,236,25,6.2,9.2,7.7,7.4,185.0,45.4,44.1,5.4,3.6,3.3
809,46141,Nathan Shepherd,DT,315,29,6.3,5.8,6.8,6.3,22.6,18.2,48.1,2.7,3.0,3.1
810,46142,Jerome Baker,ILB,225,25,6.2,10.2,9.9,9.5,365.1,194.2,127.0,6.3,5.5,5.1
811,46144,Derrick Nnadi,NT,310,26,6.1,4.8,4.0,4.8,22.8,14.1,15.9,4.0,3.3,3.4
812,46146,Sam Hubbard,DE,265,27,6.4,9.3,6.3,6.5,355.3,59.3,44.2,6.0,3.7,3.2
813,46147,Malik Jefferson,OLB,240,25,6.2,10.2,9.9,10.0,737.5,505.7,668.6,7.2,6.7,6.4
814,46148,Rasheem Green,DE,279,25,6.3,5.7,8.1,5.6,16.9,28.0,26.9,3.8,3.2,3.1
815,46149,Martinas Rankin,T,311,28,6.4,2.7,2.9,2.8,13.1,10.0,11.6,2.0,2.4,2.4
816,46151,Tracy Walker,FS,210,27,6.1,10.1,8.9,9.9,629.1,106.3,334.3,7.1,5.4,6.0
817,46152,Orlando Brown,T,345,26,6.7,5.4,2.5,2.8,18.5,13.8,11.3,2.2,1.8,1.8
818,46153,Justin Jones,DT,309,26,6.2,5.5,5.0,5.9,32.5,37.9,36.9,3.4,3.6,3.4
819,46154,Rashaan Gaulden,SS,200,27,6.0,10.0,10.2,9.8,416.2,647.5,180.6,6.1,6.6,5.7
820,46155,Mark Andrews,TE,255,27,6.4,8.5,7.6,6.4,96.9,33.2,19.6,4.7,3.5,3.1
821,46156,Arden Key,DE,240,26,6.4,5.7,6.9,7.6,29.4,45.0,40.2,3.3,4.3,3.5
822,46157,Oren Burks,ILB,233,27,6.2,9.9,9.4,9.9,762.8,673.6,690.6,6.8,6.6,6.3
823,46158,Joseph Noteboom,G,321,27,6.4,3.7,3.1,1.5,17.2,13.2,6.4,2.3,2.2,1.4
824,46159,Deadrin Senat,DT,305,28,6.1,3.0,2.9,2.4,14.1,10.7,12.6,3.9,5.3,2.1
825,46161,Chukwuma Okorafor,T,320,25,6.5,2.7,1.2,3.3,11.3,1.9,11.3,1.6,1.7,1.7
826,46162,Ronnie Harrison,SS,214,25,6.2,9.7,8.8,9.8,454.3,146.8,353.6,5.9,5.4,5.9
827,46163,Alex Cappa,G,305,27,6.5,7.3,2.4,3.7,15.7,17.9,13.3,2.1,2.6,2.2
828,46164,Tarvarius Moore,FS,200,26,6.2,10.6,10.7,10.5,796.0,710.8,528.6,7.1,7.0,6.5
829,46165,Harrison Phillips,DT,307,26,6.2,6.6,1.9,2.5,32.1,4.5,14.9,2.5,1.8,1.4
830,46166,Mason Cole,C,292,26,6.4,3.3,7.4,4.6,5.1,13.2,12.0,1.7,1.9,2.4
831,46167,Jordan Akins,TE,243,30,6.3,9.2,8.6,9.3,104.1,80.2,100.5,4.6,4.1,4.2
832,46168,Isaac Yiadom,CB,190,26,6.1,10.8,10.6,10.4,491.9,455.9,299.8,7.4,6.3,6.4
833,46169,Dorian O'Daniel,ILB,220,28,6.1,9.8,10.0,10.1,724.7,754.2,653.2,6.7,6.3,6.4
834,46170,Ian Thomas,TE,260,26,6.2,9.4,9.5,6.8,217.6,178.7,87.1,5.1,4.7,4.2
835,46173,Nyheim Hines,RB,198,25,5.8,9.9,10.1,10.7,193.0,183.5,127.1,5.5,6.0,5.8
836,46175,Josey Jewell,ILB,236,27,6.1,9.3,9.6,9.6,599.9,563.8,72.1,6.1,5.6,4.5
837,46178,Troy Apke,FS,206,27,6.1,9.3,10.2,10.2,511.1,743.1,422.4,7.4,6.8,5.9
838,46182,DaeSean Hamilton,WR,206,27,6.1,9.8,3.0,9.7,436.8,9.4,121.7,6.6,2.2,5.1
839,46183,Da'Shawn Hand,DE,297,26,6.2,4.6,2.1,11.7,22.8,9.5,17.0,3.1,3.2,5.6
840,46184,Joel Iyiegbuniwe,ILB,226,27,6.1,10.1,10.4,12.3,790.6,776.4,793.4,7.2,7.0,8.0
841,46185,Dorance Armstrong,DE,255,25,6.3,9.6,9.1,9.2,138.3,462.9,493.6,5.0,5.3,5.4
842,46186,Jordan Whitehead,SS,198,25,5.8,9.9,10.0,8.8,219.4,194.5,77.3,4.9,6.4,5.0
843,46187,Anthony Averett,CB,178,27,5.9,10.1,10.0,10.4,592.1,422.1,421.9,6.4,5.6,6.1
844,46188,Kyzir White,OLB,216,26,6.2,9.4,8.7,9.1,449.7,50.8,156.6,6.1,4.1,4.9
845,46189,Will Dissly,TE,267,26,6.3,8.1,9.5,9.3,87.0,259.1,264.1,4.2,5.5,5.4
846,46190,Taron Johnson,CB,192,26,5.9,10.1,10.1,10.3,258.9,259.8,437.4,5.8,5.9,6.4
847,46191,Kenny Young,ILB,235,27,6.1,9.7,9.7,9.3,468.9,537.0,166.5,6.1,6.3,5.0
848,46192,Durham Smythe,TE,260,27,6.5,9.3,8.9,9.2,392.8,432.1,375.0,5.8,6.4,6.1
849,46193,Armani Watts,SS,205,26,5.9,10.2,10.3,10.3,575.3,718.5,733.4,7.3,6.5,6.8
850,46194,Avonte Maddox,CB,184,26,5.8,13.0,10.1,9.8,472.9,284.2,131.2,7.9,6.1,5.3
851,46195,Ito Smith,RB,195,27,5.8,9.0,8.5,6.2,109.3,190.2,26.1,5.2,5.8,4.6
852,46199,Josh Sweat,DE,253,25,6.4,6.8,9.2,8.4,22.3,167.0,153.2,2.9,4.2,3.8
853,46200,Kalen Ballage,RB,230,26,6.2,10.4,10.3,10.1,471.7,304.9,204.8,7.3,5.9,5.7
854,46203,Chase Edmonds,RB,210,26,5.8,10.1,9.8,9.9,395.8,515.1,124.6,5.9,6.7,5.8
855,46205,Marquis Haynes,DE,235,28,6.2,9.9,10.2,9.0,305.2,394.9,46.2,6.3,5.5,3.1
856,46206,Dalton Schultz,TE,242,26,6.4,7.0,9.0,8.3,64.8,154.6,120.9,4.2,4.9,4.3
857,46209,Maurice Hurst,DT,291,27,6.2,2.1,4.3,3.7,7.7,21.5,12.9,3.6,2.7,2.2
858,46210,Shaquem Griffin,OLB,229,27,6.0,10.3,10.5,10.3,638.0,471.2,224.7,6.8,5.8,6.0
859,46211,D.J. Reed,FS,188,25,5.8,10.2,10.2,9.6,493.2,439.4,123.6,7.2,6.8,6.3
860,46212,Ja'Whaun Bentley,ILB,255,26,6.2,9.1,9.6,9.6,475.1,300.7,127.5,6.1,5.5,4.8
861,46213,Justin Watson,WR,215,26,6.2,10.3,10.6,10.3,709.6,668.9,605.3,6.7,6.7,6.5
862,46214,Bilal Nichols,NT,313,26,6.2,2.0,3.7,3.6,8.9,12.4,16.1,2.4,2.7,2.8
863,46215,Tre Flowers,CB,203,27,6.2,10.3,9.9,10.3,174.7,115.7,331.9,6.2,6.1,6.1
864,46217,Marcus Allen,FS,215,26,6.2,9.5,9.4,9.7,238.2,310.4,532.9,6.0,6.6,6.4
865,46218,Michael Dickson,P,208,26,6.2,9.4,9.0,9.7,174.4,114.2,94.1,4.5,4.4,4.0
866,46219,Genard Avery,OLB,250,27,6.0,9.5,9.5,9.2,78.2,541.7,271.4,5.0,6.4,5.3
867,46220,Davontae Harris,CB,200,27,5.9,10.2,11.1,10.9,271.4,466.1,417.5,6.6,6.5,6.4
868,46221,Dane Cruikshank,SS,209,27,6.1,10.6,10.8,10.4,751.3,885.1,493.7,7.4,7.5,6.9
869,46222,Tyrell Crosby,T,310,27,6.3,5.3,6.1,3.4,8.0,12.1,10.6,1.7,1.9,2.1
870,46223,Siran Neal,CB,205,28,6.0,10.3,10.8,10.8,694.3,700.6,765.1,6.9,7.1,6.9
871,46224,Scott Quessenberry,G,310,27,6.2,5.6,4.5,5.6,28.8,26.7,11.7,2.3,2.2,1.7
872,46226,Tyler Conklin,TE,254,27,6.2,9.1,9.2,9.1,366.3,316.7,310.4,5.9,5.4,6.0
873,46230,Jermaine Carter,OLB,225,27,6.0,9.5,9.3,9.7,681.9,620.9,461.0,6.5,6.1,6.4
874,46232,Tim Settle,DT,308,25,6.2,5.9,7.4,6.2,43.0,48.5,61.8,4.2,4.0,3.6
875,46233,Natrell Jamerson,CB,201,26,5.9,10.3,10.4,10.4,424.4,745.5,446.4,6.2,6.8,6.3
876,46234,Jaylen Samuels,RB,225,26,6.0,9.5,9.5,9.9,233.4,458.1,334.6,5.5,5.9,5.7
877,46235,Wyatt Teller,G,315,27,6.3,6.9,4.0,5.9,23.4,12.4,17.3,2.5,2.0,2.0
878,46236,Daniel Carlson,K,215,27,6.4,8.2,8.0,8.4,188.5,192.2,232.2,5.8,5.8,5.7
879,46238,Jordan Wilkins,RB,217,28,6.1,9.8,9.7,9.9,409.5,493.1,295.4,5.9,6.4,5.9
880,46239,Darius Phillips,CB,190,27,5.8,10.5,10.4,9.6,353.4,437.1,196.5,5.6,6.6,5.1
881,46241,J.K. Scott,P,208,27,6.5,8.2,6.5,8.2,132.2,122.9,121.2,3.4,3.2,3.1
882,46244,Damion Ratley,WR,200,27,6.2,10.4,10.4,10.1,302.7,348.2,404.4,6.1,6.5,6.2
883,46248,Parry Nickerson,CB,180,28,5.8,10.7,10.8,10.5,293.5,531.0,38.1,6.7,7.3,4.0
884,46250,Kylie Fitts,OLB,260,28,6.2,9.5,10.1,9.8,150.2,652.0,614.2,5.1,5.5,7.1
885,46253,Marcell Harris,SS,208,28,6.0,9.6,9.7,9.9,434.0,534.7,533.1,5.8,6.1,6.1
886,46255,Jacob Martin,DE,242,26,6.2,10.0,9.7,9.4,633.9,325.6,152.6,6.1,5.8,5.9
887,46256,Ray-Ray McCloud,WR,190,26,5.8,7.7,10.0,9.6,76.2,564.7,223.3,5.9,7.2,6.6
888,46263,Russell Gage,WR,184,26,6.0,10.4,10.0,4.7,805.9,452.0,20.4,7.5,6.9,3.0
889,46265,Tremon Smith,CB,190,26,6.0,10.4,10.5,10.5,609.5,418.7,580.8,6.6,6.9,6.8
890,46266,Shaun Dion Hamilton,OLB,235,27,6.0,9.3,9.6,9.1,570.7,400.4,639.9,6.3,5.7,5.8
891,46269,Foyesade Oluokun,MLB,215,27,6.2,9.6,9.5,7.1,346.6,585.8,44.8,6.3,6.4,4.6
892,46270,Boston Scott,RB,203,27,5.5,9.5,9.0,9.6,237.5,121.8,118.2,5.9,5.9,6.0
893,46271,Jack Cichy,ILB,238,26,6.2,8.8,9.4,9.3,606.4,709.5,626.7,6.6,7.5,7.0
894,46273,Trenton Cannon,RB,185,28,5.9,10.8,11.0,10.7,459.7,576.6,478.5,6.8,7.6,6.9
895,46278,Cornell Armstrong,CB,185,27,6.0,10.4,9.6,10.5,682.3,325.3,737.8,7.8,6.7,6.9
896,46280,Jordan Thomas,TE,277,26,6.4,6.5,7.9,8.0,22.4,83.0,89.5,2.8,4.1,3.6
897,46283,Peter Kalambayi,ILB,254,27,6.2,10.0,10.0,9.4,812.0,696.1,694.4,7.0,6.6,6.1
898,46284,Bradley Bozeman,G,317,27,6.4,7.2,3.0,5.3,23.9,11.4,10.4,2.8,1.6,1.8
899,46290,Matthew Adams,OLB,229,26,6.0,9.9,10.1,9.9,641.5,653.8,665.4,6.7,7.1,6.7
900,46293,Javon Wims,WR,221,28,6.2,7.9,9.8,10.5,243.6,181.7,211.1,5.9,5.6,5.7
901,46294,Devante Downs,ILB,252,27,6.2,9.7,9.6,9.5,434.9,653.0,544.4,5.9,7.0,6.4
902,46298,Jason Sanders,K,186,26,5.9,6.7,9.3,7.8,153.3,162.4,194.4,4.8,4.3,4.8
903,46299,Leon Jacobs,OLB,245,27,6.2,9.5,9.6,9.2,476.7,565.4,410.3,6.6,6.5,6.0
904,46303,Andre Smith,ILB,240,25,6.0,9.5,9.7,10.3,678.3,739.9,785.1,6.3,6.1,6.5
905,46304,Zaire Franklin,OLB,236,26,6.0,9.7,9.6,9.8,560.7,651.1,737.8,6.4,7.1,7.0
906,46308,Hunter Bradley,LS,240,28,6.2,9.4,9.4,8.6,225.6,220.6,144.4,4.7,4.3,3.9
907,46309,Richie James,WR,185,27,5.8,10.3,10.1,10.2,361.2,342.4,245.6,6.7,6.4,6.9
908,46310,Greg Stroman,CB,181,26,6.0,10.0,10.3,10.1,331.7,652.7,219.4,6.4,8.9,6.0
909,46312,Keion Crossen,CB,185,26,5.8,10.6,11.0,10.9,511.1,592.7,861.7,7.2,6.8,7.4
910,46314,Will Clapp,C,311,26,6.4,2.9,3.6,3.9,10.0,13.7,16.9,2.4,2.3,2.6
911,46316,Logan Cooke,P,200,27,6.4,8.9,9.3,8.5,211.1,257.6,248.5,4.4,4.6,4.4
912,46320,Justin Jackson,RB,200,26,6.0,9.8,9.2,9.1,442.9,241.1,261.1,6.1,5.6,6.5
913,46322,Auden Tate,WR,228,25,6.4,9.6,9.5,7.9,315.7,258.3,184.9,6.3,4.7,4.7
914,46323,Korey Cunningham,T,305,27,6.5,2.8,1.4,3.8,9.7,25.7,12.8,2.0,1.5,2.4
915,46325,Trey Quinn,WR,202,26,6.0,9.0,8.0,5.3,168.3,82.2,33.7,6.3,5.2,5.0
916,46329,Danny Johnson,CB,190,26,5.8,10.5,9.9,10.5,689.9,705.5,659.9,6.9,6.7,6.7
917,46331,Ross Dwelley,TE,240,27,6.4,9.2,9.2,9.1,555.8,355.6,286.9,6.2,5.7,5.7
918,46342,Michael Badgley,K,183,27,5.8,8.8,7.8,8.9,232.9,74.5,32.8,4.7,4.3,4.1
919,46349,George Odum,FS,202,29,6.1,10.5,10.4,10.2,680.0,736.8,828.7,7.3,7.1,7.2
920,46354,Emmanuel Moseley,CB,184,26,5.9,8.9,10.4,10.3,137.6,407.7,374.2,6.8,5.7,5.1
921,46362,Cam Sims,WR,214,26,6.4,8.0,9.9,10.6,41.9,522.8,456.8,6.5,6.6,6.3
922,46369,Trey Marshall,SS,207,26,6.0,10.1,10.4,10.6,435.3,701.8,774.2,6.3,6.4,7.2
923,46377,Jeffery Wilson,RB,194,26,6.0,9.3,10.2,10.0,264.9,372.0,263.8,5.0,6.5,5.9
924,46378,J.T. Gray,SS,202,26,6.0,10.3,10.8,10.8,792.3,735.1,802.3,7.2,7.2,7.4
925,46424,Jason Cabinda,MLB,235,26,6.1,8.5,9.5,9.7,173.1,622.3,636.7,4.8,7.2,6.7
926,46432,Raven Greene,FS,197,27,5.9,10.3,9.0,10.1,676.0,349.8,365.4,7.2,6.9,6.3
927,46437,Gus Edwards,RB,238,27,6.1,9.9,10.0,9.8,478.2,281.4,154.7,7.1,6.2,5.6
928,46438,Tyler Lancaster,NT,315,28,6.2,2.9,6.2,6.1,19.4,52.7,47.7,2.5,3.4,3.6
929,46451,Trent Sieg,LS,240,27,6.2,8.4,7.8,8.3,211.6,189.0,129.6,4.9,4.2,3.8
930,46456,Darious Williams,CB,187,29,5.8,9.9,10.5,10.2,453.4,564.5,245.9,5.5,7.2,5.8
931,46461,Mike Boone,RB,205,27,5.8,9.7,10.2,10.4,133.1,553.6,498.1,4.4,7.4,6.4
932,46466,Holton Hill,CB,196,25,6.2,12.4,10.3,8.8,587.4,562.5,114.8,7.2,6.6,5.4
933,46487,Poona Ford,NT,310,26,5.9,3.2,6.8,4.9,25.5,28.6,25.5,2.7,2.8,3.8
934,46506,Dontrell Hilliard,RB,202,27,5.9,10.5,10.0,9.5,515.0,586.4,461.1,7.0,6.9,6.8
935,46521,Ben Niemann,ILB,233,27,6.2,9.2,9.6,9.4,645.3,606.1,518.9,6.2,6.5,5.8
936,46526,Darrel Williams,RB,224,27,5.9,9.7,9.7,8.8,420.2,346.1,120.6,5.9,5.5,4.2
937,46527,Frankie Luvu,OLB,235,26,6.2,9.0,9.5,9.7,463.3,661.4,642.4,6.1,6.6,6.5
938,46534,Chad Beebe,WR,185,28,5.8,9.7,8.9,10.0,364.6,152.5,109.4,5.6,6.1,5.2
939,46535,Craig James,CB,195,26,5.8,10.5,10.6,10.6,337.3,714.0,781.8,5.9,6.7,8.3
940,46542,Keith Kirkwood,WR,210,27,6.2,9.7,9.2,8.8,333.8,138.1,198.8,7.5,6.1,7.5
941,46544,Deon Yelder,TE,255,27,6.3,7.9,8.9,8.7,95.3,158.5,94.8,4.5,4.6,4.3
942,46618,Taylor Stallworth,DT,305,27,6.2,0.5,7.0,6.9,2.0,60.8,47.6,1.0,3.6,3.7
943,46630,Jalen Davis,CB,185,26,5.8,8.7,9.4,10.2,283.8,422.7,164.7,5.4,6.6,5.7
944,46633,Buddy Howell,RB,218,26,6.1,10.1,10.3,10.1,784.6,663.1,678.8,6.9,6.8,6.7
945,46641,Josh Adams,RB,225,26,6.2,9.7,9.4,9.3,257.2,577.4,303.5,5.8,6.0,5.8
946,46649,Jeremy Reaves,FS,205,26,5.9,10.2,10.1,10.1,660.7,702.5,580.0,6.7,6.4,6.8
947,46652,Chandon Sullivan,CB,189,26,5.9,10.0,10.2,9.0,380.9,432.8,213.0,6.2,5.9,5.3
948,46657,Dennis Gardeck,OLB,232,28,6.0,10.1,10.0,10.2,960.9,841.5,786.0,6.9,7.2,7.4
949,46671,Trent Sherfield,WR,219,26,6.1,10.2,10.4,10.5,379.4,584.9,645.8,6.2,6.8,7.1
950,46672,Tavierre Thomas,CB,205,26,5.8,13.6,10.4,10.3,705.6,849.0,726.3,8.3,7.7,7.4
951,46674,Ezekiel Turner,ILB,214,26,6.2,10.3,9.8,10.0,927.6,810.7,751.7,6.9,6.9,6.7
952,46680,Sean Chandler,FS,205,26,5.8,10.0,10.0,9.6,608.3,623.5,535.8,6.4,6.4,6.6
953,46684,Tae Davis,ILB,224,26,6.1,9.9,10.2,9.9,676.8,643.5,591.0,6.3,6.3,6.9
954,46686,Grant Haley,CB,190,26,5.8,9.4,9.4,9.1,201.1,247.3,381.1,6.0,5.2,6.4
955,46689,Ike Boettger,G,318,28,6.5,2.7,1.0,4.0,12.2,4.0,18.8,2.0,1.4,2.7
956,46694,Robert Foster,WR,194,28,6.2,10.8,11.0,10.6,213.4,569.6,503.2,6.3,6.9,6.6
957,46698,Levi Wallace,CB,179,27,6.0,10.3,10.0,9.8,177.5,129.0,97.7,6.1,5.1,4.9
958,46700,Tre Herndon,CB,185,26,5.9,10.7,10.2,9.5,806.0,309.4,136.3,8.0,6.6,5.3
959,46711,Ryan Neal,CB,200,26,6.2,9.5,10.0,10.4,587.2,508.9,489.7,6.1,6.1,6.3
960,46724,Tony Brown,CB,198,27,6.0,10.6,10.6,10.6,653.9,596.2,524.9,7.4,7.4,6.9
961,46729,Brandon Facyson,CB,197,28,6.2,10.3,10.1,10.4,724.3,502.7,874.0,6.8,6.2,7.0
962,46755,Trenton Scott,T,320,28,6.4,4.3,2.8,5.7,12.6,8.4,13.5,1.7,1.4,1.9
963,46757,Charvarius Ward,CB,195,26,6.1,10.4,9.9,9.6,816.8,186.0,69.9,7.0,5.6,5.2
964,46775,J.C. Jackson,CB,198,26,6.1,10.2,10.2,9.7,322.6,261.2,173.0,6.4,6.1,5.5
965,46778,A.J. Moore,FS,202,26,5.9,10.6,10.6,10.7,844.1,687.1,531.5,6.7,6.9,6.6
966,46787,Kevin Toliver,CB,199,26,6.2,10.2,10.2,9.6,344.7,288.7,391.0,6.3,5.9,6.2
967,46810,Trevor Daniel,P,231,27,6.1,8.8,7.5,6.1,139.0,152.0,63.1,3.4,2.9,3.2
968,46815,Vyncint Smith,WR,202,26,6.2,10.0,10.7,10.1,218.9,488.8,313.5,5.4,6.9,6.8
969,46823,Mike Ford,CB,196,27,6.0,10.2,10.2,10.5,326.3,620.9,678.8,6.5,8.0,6.9
970,46825,Chris Jones,CB,200,27,6.0,9.3,10.0,10.0,395.5,454.1,221.6,5.3,5.7,5.7
971,46841,Matt Dickerson,DT,290,27,6.4,1.8,6.5,6.7,14.0,71.4,41.3,2.7,3.4,3.3
972,46843,Sharif Finch,OLB,250,27,6.3,9.7,9.2,9.8,418.9,491.5,547.9,6.3,6.0,6.7
973,46844,Rico Gafford,WR,185,26,5.8,10.2,10.2,9.8,539.9,68.8,220.8,6.4,5.0,6.3
974,46846,Joshua Kalu,CB,203,27,6.0,10.6,10.2,9.8,420.6,742.7,604.1,7.0,6.8,6.8
975,46852,Aaron Stinnie,G,312,28,6.2,2.5,2.0,3.4,10.6,11.3,13.0,2.8,1.9,2.3
976,46902,Robert Spillane,OLB,229,26,6.1,9.0,9.8,10.1,437.8,946.0,508.5,6.4,6.9,6.5
977,46903,Corey Bojorquez,P,208,26,6.0,7.8,9.0,7.8,188.0,136.0,88.8,4.2,3.4,2.9
978,46908,Dallin Leavitt,FS,195,28,5.8,9.8,9.9,9.7,509.4,712.8,770.4,6.7,7.3,7.0
979,46958,Chris Board,OLB,230,27,6.2,10.0,9.9,10.1,869.3,663.6,717.6,7.4,6.6,6.6
980,46992,Khadarel Hodge,WR,205,27,6.2,10.2,10.6,10.0,549.7,696.8,376.3,6.8,6.9,6.4
981,46998,Malik Turner,WR,200,26,6.2,10.1,10.9,10.6,119.0,459.6,603.4,7.0,6.4,6.9
982,47016,A.J. Johnson,MLB,255,30,6.2,9.4,9.2,6.3,540.9,141.6,29.8,6.4,5.1,4.4
